n_qubits,depth,circuit_variant,param_index,layer_index,qubit_index,gate_type,grad_mean_over_seeds,abs_grad_mean_over_seeds,grad_abs_mean_over_seeds,grad_std_over_seeds,bias_ratio
4,4,hea,0,0,0,ry,0.02339261941812988,0.02339261941812988,0.24897898041071573,0.334696824941399,0.09395419396264425
4,4,hea,1,0,0,rz,-0.033072281973166154,0.033072281973166154,0.2556666402166561,0.3846665781776767,0.1293570484797705
4,4,hea,2,0,1,ry,0.1905180074766477,0.1905180074766477,0.44022806478131776,0.49669575649845876,0.43277115367755264
4,4,hea,3,0,1,rz,0.07622527551757269,0.07622527551757269,0.28864451239547256,0.37168799809608727,0.2640801132333186
4,4,hea,4,0,2,ry,0.07037055315609221,0.07037055315609221,0.34700268956426544,0.42578085768295143,0.20279541131066442
4,4,hea,5,0,2,rz,0.10976628646493349,0.10976628646493349,0.21615589675899635,0.26493948392504557,0.5078107426665173
4,4,hea,6,0,3,ry,-0.11615150675397862,0.11615150675397862,0.34158559562027585,0.3991765913683355,0.34003631371827014
4,4,hea,7,0,3,rz,-0.11067934635151672,0.11067934635151672,0.2588145488239747,0.3403077276723733,0.42763958538819113
4,4,hea,8,1,0,ry,0.06681388759194644,0.06681388759194644,0.3722315232166119,0.5028153848459614,0.1794955113274095
4,4,hea,9,1,0,rz,0.02455991637846465,0.02455991637846465,0.4018873810242185,0.5222532678940343,0.06111143951788962
4,4,hea,10,1,1,ry,0.040024595257083725,0.040024595257083725,0.2767157831406125,0.36381546360171035,0.14464153364445126
4,4,hea,11,1,1,rz,0.026958203640661947,0.026958203640661947,0.32089057718864844,0.3781371508926828,0.08401058041917323
4,4,hea,12,1,2,ry,0.08860015078231137,0.08860015078231137,0.46086357355568003,0.5709597761073802,0.19224810956252936
4,4,hea,13,1,2,rz,0.009824017055736468,0.009824017055736468,0.3419591141645911,0.4350562363924884,0.0287286305549615
4,4,hea,14,1,3,ry,0.08275639647912866,0.08275639647912866,0.3903705351687962,0.5351914975810649,0.21199447454030973
4,4,hea,15,1,3,rz,-0.14872375015788117,0.14872375015788117,0.4247447571576386,0.5004368553338118,0.3501485248532071
4,4,hea,16,2,0,ry,0.19149678503428938,0.19149678503428938,0.3755212901917437,0.4072416729959092,0.5099492093684205
4,4,hea,17,2,0,rz,0.07483268852481052,0.07483268852481052,0.3146675689416811,0.40189265734793855,0.23781506551976256
4,4,hea,18,2,1,ry,0.08362982887051307,0.08362982887051307,0.41104876595027506,0.5041998233264178,0.20345476205767185
4,4,hea,19,2,1,rz,-0.05198974518324969,0.05198974518324969,0.36463808573710016,0.46914497816736683,0.14257903169427438
4,4,hea,20,2,2,ry,-0.01616599095800313,0.01616599095800313,0.3540127667368599,0.5226719500451875,0.04566499425151912
4,4,hea,21,2,2,rz,-0.15436600642522738,0.15436600642522738,0.3664394952138806,0.4646993385379909,0.42125919405911144
4,4,hea,22,2,3,ry,-0.03539044181290458,0.03539044181290458,0.3662140499059817,0.4271308120536189,0.09663867845045891
4,4,hea,23,2,3,rz,0.171695939893887,0.171695939893887,0.38740606932922234,0.468474335148253,0.4431937274270664
4,4,hea,24,3,0,ry,0.03646102087642715,0.03646102087642715,0.22991968879023206,0.2931399779358846,0.15858155109844602
4,4,hea,25,3,0,rz,0.0041593074160705895,0.0041593074160705895,0.2703076401069956,0.33245882483986533,0.015387309860809705
4,4,hea,26,3,1,ry,0.07199796414360732,0.07199796414360732,0.27433300930468446,0.33123346846463375,0.26244732387870773
4,4,hea,27,3,1,rz,-0.005699595762885518,0.005699595762885518,0.3396861141519274,0.4139454093600813,0.016779007222933788
4,4,hea,28,3,2,ry,0.06683241032425777,0.06683241032425777,0.28630414564178874,0.3782236315711318,0.2334315144981356
4,4,hea,29,3,2,rz,0.05076771793116149,0.05076771793116149,0.22285744247213224,0.26538934632905725,0.22780355624654375
4,4,hea,30,3,3,ry,-0.03497338034812693,0.03497338034812693,0.3195508689546802,0.41351303470127304,0.10944542401819243
4,4,hea,31,3,3,rz,0.10472855204135828,0.10472855204135828,0.2517616475107198,0.3225698398630778,0.41598294687398174
4,4,hva,0,0,-1,beta_x,0.2979020381281793,0.2979020381281793,3.054685932593128,3.888588018381336,0.09752296789322942
4,4,hva,1,0,-1,gamma_zz,0.1472677013722445,0.1472677013722445,1.6211181375077226,2.143980163065404,0.09084328770674979
4,4,hva,2,1,-1,beta_x,-0.054600394987225326,0.054600394987225326,2.5900173394058372,3.1371791003184444,0.021081092453130414
4,4,hva,3,1,-1,gamma_zz,0.30483118478891186,0.30483118478891186,1.7453999799394808,2.2963987305561058,0.17464832605273733
4,4,hva,4,2,-1,beta_x,0.4119283009073233,0.4119283009073233,2.493243234444239,2.97607608787138,0.16521785568953717
4,4,hva,5,2,-1,gamma_zz,0.18615304330680624,0.18615304330680624,1.595716115767679,2.0688031316402005,0.11665799540869475
4,4,hva,6,3,-1,beta_x,-0.9250400496263467,0.9250400496263467,2.8431815178271242,3.0800582864685793,0.32535384878743157
4,4,hva,7,3,-1,gamma_zz,0.1644819281068401,0.1644819281068401,1.3744576742573633,1.673721361266647,0.1196704206957203
4,6,hea,0,0,0,ry,0.056890333174188866,0.056890333174188866,0.3008438711839437,0.3661737858372304,0.18910251669845207
4,6,hea,1,0,0,rz,-0.08747203675772303,0.08747203675772303,0.24005397868524342,0.2982917742552532,0.3643848655906478
4,6,hea,2,0,1,ry,-0.09658630645348196,0.09658630645348196,0.33032963517968794,0.4029150385818641,0.29239370667104103
4,6,hea,3,0,1,rz,-0.025279577904994823,0.025279577904994823,0.22658467902487098,0.29224401168344605,0.11156790482828677
4,6,hea,4,0,2,ry,-0.049276491425163625,0.049276491425163625,0.380583236012157,0.4523836754412206,0.12947625318838124
4,6,hea,5,0,2,rz,-0.05217238581788422,0.05217238581788422,0.2825209068594195,0.3409637053595277,0.18466734514569808
4,6,hea,6,0,3,ry,0.004805914783377973,0.004805914783377973,0.4194073522742012,0.47928412900381645,0.011458823402399343
4,6,hea,7,0,3,rz,-0.02196784608919243,0.02196784608919243,0.2580366286570453,0.3835331635706404,0.08513460357750084
4,6,hea,8,1,0,ry,-0.018035670490469686,0.018035670490469686,0.38983130606833477,0.4735097851915142,0.04626532094707681
4,6,hea,9,1,0,rz,-0.06253998337254879,0.06253998337254879,0.3427624027386883,0.4163995274657529,0.18245870280068963
4,6,hea,10,1,1,ry,0.1645374922604878,0.1645374922604878,0.4344834142130648,0.5287541459105903,0.3786968314049393
4,6,hea,11,1,1,rz,-0.10461221854451914,0.10461221854451914,0.3617478292952532,0.46277382568557734,0.2891854769338116
4,6,hea,12,1,2,ry,-0.08062743098742096,0.08062743098742096,0.38872111905063117,0.5016216544421014,0.2074171611368483
4,6,hea,13,1,2,rz,0.029328515473400946,0.029328515473400946,0.4541565940331897,0.5286618029522531,0.06457798005957734
4,6,hea,14,1,3,ry,0.12729185687425823,0.12729185687425823,0.38505336880409374,0.4565412306736136,0.3305823742552972
4,6,hea,15,1,3,rz,-0.029758451526629683,0.029758451526629683,0.3953716993041333,0.4642652502699063,0.07526702487559282
4,6,hea,16,2,0,ry,-0.08943800685854167,0.08943800685854167,0.45414679148718823,0.5324375533429562,0.19693633982453132
4,6,hea,17,2,0,rz,-0.06064239340877416,0.06064239340877416,0.3750931957279491,0.48260773643277083,0.16167286983461374
4,6,hea,18,2,1,ry,0.003702259809854482,0.003702259809854482,0.2929448722344994,0.3785968455315166,0.012638076855944582
4,6,hea,19,2,1,rz,0.04995109320825168,0.04995109320825168,0.33657936980868886,0.4255535827044006,0.14840806564182366
4,6,hea,20,2,2,ry,-0.055547380954158704,0.055547380954158704,0.43789690847611085,0.5472033665224922,0.12685036107577116
4,6,hea,21,2,2,rz,-0.0069852823753446,0.0069852823753446,0.32135126410577436,0.40503622294741587,0.0217372176667254
4,6,hea,22,2,3,ry,-0.09066465301800301,0.09066465301800301,0.35919314224182824,0.443506224475899,0.2524119821779961
4,6,hea,23,2,3,rz,0.012512873198259744,0.012512873198259744,0.3055708725206085,0.38718477345546926,0.04094916866598862
4,6,hea,24,3,0,ry,0.011785231749448307,0.011785231749448307,0.33988932983131737,0.4120984040324366,0.03467373263908322
4,6,hea,25,3,0,rz,-0.06056772751238651,0.06056772751238651,0.3321522023124273,0.46963762084146216,0.18234931784500233
4,6,hea,26,3,1,ry,0.08879367713459575,0.08879367713459575,0.36876022887939924,0.46231050011399405,0.24078973322156966
4,6,hea,27,3,1,rz,-0.07361987624847159,0.07361987624847159,0.3571100447498982,0.4238130526562932,0.20615459388724564
4,6,hea,28,3,2,ry,0.09574366142713035,0.09574366142713035,0.43510699387334745,0.5456991218559019,0.22004624787759572
4,6,hea,29,3,2,rz,-0.07209695740898514,0.07209695740898514,0.4014871665558557,0.5190727510687677,0.1795747496176934
4,6,hea,30,3,3,ry,-0.08108114690004549,0.08108114690004549,0.41171518389667455,0.5536087892180035,0.1969350416777286
4,6,hea,31,3,3,rz,-0.04009310166649309,0.04009310166649309,0.34962954304929844,0.45034261722356705,0.11467309460413581
4,6,hea,32,4,0,ry,-0.08742554988247762,0.08742554988247762,0.32781444219557204,0.393172712701072,0.26669218505730086
4,6,hea,33,4,0,rz,-0.021213221710002946,0.021213221710002946,0.3753781717910389,0.4431435286482175,0.05651160164371949
4,6,hea,34,4,1,ry,-0.0384678638008967,0.0384678638008967,0.44208111666955924,0.571284964837769,0.08701539683643635
4,6,hea,35,4,1,rz,0.14400425521707433,0.14400425521707433,0.31905249322027945,0.36211968718309356,0.45134972544361474
4,6,hea,36,4,2,ry,-0.08900800917403037,0.08900800917403037,0.4107518436367966,0.510477557366075,0.21669533698486484
4,6,hea,37,4,2,rz,0.043542861066353855,0.043542861066353855,0.35429878486498,0.43193535013152956,0.1228987028079916
4,6,hea,38,4,3,ry,0.17510289892895883,0.17510289892895883,0.467963178436649,0.4994719712674482,0.374180933452787
4,6,hea,39,4,3,rz,0.0776464645081724,0.0776464645081724,0.3162435442774884,0.42157491091271027,0.24552742945494294
4,6,hea,40,5,0,ry,-0.019744295818245255,0.019744295818245255,0.2816954445911838,0.34852825871999016,0.07009093046179533
4,6,hea,41,5,0,rz,-0.04178936991342493,0.04178936991342493,0.3249528502728577,0.43224011020748315,0.12860133363451018
4,6,hea,42,5,1,ry,0.0993162682080202,0.0993162682080202,0.3060081350063252,0.371827590540587,0.32455433972684095
4,6,hea,43,5,1,rz,-0.09374608175982699,0.09374608175982699,0.4242427538469621,0.4716242668673011,0.2209727353260675
4,6,hea,44,5,2,ry,0.06055599383413352,0.06055599383413352,0.3028107485242075,0.4100036542875655,0.19997967089762111
4,6,hea,45,5,2,rz,-0.08218803045067598,0.08218803045067598,0.25491038600037014,0.3130150591636347,0.32241930876271285
4,6,hea,46,5,3,ry,0.05459580408451295,0.05459580408451295,0.3335974101330888,0.43702424376520277,0.1636577576028896
4,6,hea,47,5,3,rz,0.016011195165982987,0.016011195165982987,0.25497966730263233,0.29260084515067586,0.06279400759818009
4,6,hva,0,0,-1,beta_x,1.025101254596474,1.025101254596474,2.7509208429479326,3.0953762004398593,0.3726393135681643
4,6,hva,1,0,-1,gamma_zz,-0.4634417107347393,0.4634417107347393,2.1761363621344842,2.723479234404847,0.21296538158122033
4,6,hva,2,1,-1,beta_x,0.4847686754027673,0.4847686754027673,2.5542033781391726,2.9233415406524044,0.1897925120418321
4,6,hva,3,1,-1,gamma_zz,-0.04879464461903426,0.04879464461903426,1.8583945948628948,2.3404554742770523,0.026256342304220977
4,6,hva,4,2,-1,beta_x,0.11747047200472158,0.11747047200472158,2.652213955241511,3.1437413746882235,0.04429147647480222
4,6,hva,5,2,-1,gamma_zz,-0.06053237297308058,0.06053237297308058,1.844820162557233,2.4955845421146385,0.03281207252698953
4,6,hva,6,3,-1,beta_x,0.15797040738123796,0.15797040738123796,2.4883642622385937,2.9894874693221354,0.06348363452187014
4,6,hva,7,3,-1,gamma_zz,0.08669933366997616,0.08669933366997616,1.6514453066085915,2.045388948227667,0.052499064500066236
4,6,hva,8,4,-1,beta_x,0.20840738670017495,0.20840738670017495,2.086867070916579,2.6666639475530576,0.09986615324216105
4,6,hva,9,4,-1,gamma_zz,-0.03895840774074493,0.03895840774074493,2.238145325706523,2.651562005442552,0.01740655858816799
4,6,hva,10,5,-1,beta_x,0.21469525433424433,0.21469525433424433,2.2639250962087445,2.6596024036817134,0.09483319686405753
4,6,hva,11,5,-1,gamma_zz,-0.3361396548461071,0.3361396548461071,1.8126905856373492,2.2694247414168283,0.18543686247916316
4,8,hea,0,0,0,ry,-0.07518335681090808,0.07518335681090808,0.33896287324097,0.4542837830837885,0.22180410524623953
4,8,hea,1,0,0,rz,0.003073775773036719,0.003073775773036719,0.228275486524535,0.3037470780343825,0.01346520303092788
4,8,hea,2,0,1,ry,-0.0926953814723178,0.0926953814723178,0.4111805485653972,0.5462084351940398,0.2254371754591271
4,8,hea,3,0,1,rz,-0.07602166833441842,0.07602166833441842,0.29372288736231666,0.3976821288773772,0.2588210575522601
4,8,hea,4,0,2,ry,-0.047689323263105786,0.047689323263105786,0.38514501373050364,0.4651601290398905,0.12382173353664438
4,8,hea,5,0,2,rz,0.10987065222753993,0.10987065222753993,0.2059659353104973,0.2676721246309128,0.5334408918732481
4,8,hea,6,0,3,ry,-0.09781006475171825,0.09781006475171825,0.43408664734070956,0.5218586860412555,0.22532382728406763
4,8,hea,7,0,3,rz,0.10257596594412405,0.10257596594412405,0.2666137853216531,0.39868551842873196,0.3847361674129944
4,8,hea,8,1,0,ry,-0.1805995533117715,0.1805995533117715,0.408144863168617,0.4463122920850471,0.442488855328702
4,8,hea,9,1,0,rz,0.1419458570956911,0.1419458570956911,0.31161738172075876,0.40420818002791536,0.4555132846308578
4,8,hea,10,1,1,ry,-0.13874289830317366,0.13874289830317366,0.3222652328278112,0.4163627802920004,0.43052394167913427
4,8,hea,11,1,1,rz,-0.07057502927868234,0.07057502927868234,0.382861889632561,0.47221788501973194,0.18433547759588764
4,8,hea,12,1,2,ry,0.0697508610610499,0.0697508610610499,0.4437757119174808,0.5370581758960296,0.15717593186807793
4,8,hea,13,1,2,rz,0.013463509593352352,0.013463509593352352,0.42443052352308,0.5114035312092368,0.03172135095656048
4,8,hea,14,1,3,ry,0.21900530535093718,0.21900530535093718,0.40757724270413037,0.48450600190637877,0.5373344789760933
4,8,hea,15,1,3,rz,0.028260317799128066,0.028260317799128066,0.41753541837810904,0.49899927310038955,0.06768364204623284
4,8,hea,16,2,0,ry,0.19721614411534738,0.19721614411534738,0.40007709480421405,0.4703799687960105,0.49294535147496676
4,8,hea,17,2,0,rz,-0.057248984419305676,0.057248984419305676,0.43432426160213733,0.5517079611910204,0.13181161975185368
4,8,hea,18,2,1,ry,-0.06308029040400005,0.06308029040400005,0.4451261285739513,0.5403745772296067,0.1417132950745668
4,8,hea,19,2,1,rz,-0.11290432557376277,0.11290432557376277,0.34209902314155993,0.46947208075246427,0.3300340484370306
4,8,hea,20,2,2,ry,0.02209061082700953,0.02209061082700953,0.42616901572901367,0.5308526469339934,0.05183532826576051
4,8,hea,21,2,2,rz,0.07810115478638065,0.07810115478638065,0.46794024702191267,0.5648258367432404,0.16690411924051313
4,8,hea,22,2,3,ry,0.025832642888809435,0.025832642888809435,0.2543591912696656,0.3283991578182376,0.10155969894330327
4,8,hea,23,2,3,rz,-0.1394405673894406,0.1394405673894406,0.4203185825862127,0.5931169254523815,0.33174970883148913
4,8,hea,24,3,0,ry,0.0885222108895898,0.0885222108895898,0.3188311268522407,0.3918149257142594,0.2776460747843303
4,8,hea,25,3,0,rz,0.12505703023852263,0.12505703023852263,0.3422217374529962,0.4097151332496702,0.365426904700052
4,8,hea,26,3,1,ry,0.04732980709054617,0.04732980709054617,0.3647310389984117,0.4344117003780911,0.1297663264977899
4,8,hea,27,3,1,rz,-0.03721964595960568,0.03721964595960568,0.2732133525563319,0.3397872688512168,0.13622923481359314
4,8,hea,28,3,2,ry,0.07622409229986092,0.07622409229986092,0.45043350557624334,0.5179631550271233,0.1692238507043268
4,8,hea,29,3,2,rz,0.041443873896655464,0.041443873896655464,0.39486956825507386,0.48542636889573165,0.10495585689167078
4,8,hea,30,3,3,ry,0.10592998782837511,0.10592998782837511,0.3709205566635881,0.4318906101045197,0.2855867271989716
4,8,hea,31,3,3,rz,0.0805132816459319,0.0805132816459319,0.3234603668803108,0.3848783296227236,0.24891235492762476
4,8,hea,32,4,0,ry,0.022830718783371243,0.022830718783371243,0.3676510142242828,0.4484577158054632,0.0620988869880921
4,8,hea,33,4,0,rz,-0.1443752067457309,0.1443752067457309,0.3782567896724945,0.4875177213952447,0.38168569788458967
4,8,hea,34,4,1,ry,0.10949069622623459,0.10949069622623459,0.47430852182525307,0.5703626031364523,0.2308427767750996
4,8,hea,35,4,1,rz,0.09008736618749996,0.09008736618749996,0.3626798636702302,0.4812430629920231,0.2483936253748359
4,8,hea,36,4,2,ry,-0.035007800733488165,0.035007800733488165,0.3486991341089836,0.46503574604480347,0.1003954335101578
4,8,hea,37,4,2,rz,-0.016149432409724242,0.016149432409724242,0.3694544319882062,0.4521253606220241,0.04371156768323657
4,8,hea,38,4,3,ry,-0.11042114252107274,0.11042114252107274,0.36216866529944086,0.4607257306644966,0.30488872478732054
4,8,hea,39,4,3,rz,-0.08525994433435251,0.08525994433435251,0.40785035188216645,0.4931102378884854,0.20904712706729517
4,8,hea,40,5,0,ry,0.013468059370606144,0.013468059370606144,0.26679930575903815,0.337700516528277,0.050480114002882284
4,8,hea,41,5,0,rz,0.04508784492126197,0.04508784492126197,0.36054816402575796,0.47918789757952535,0.1250535973275424
4,8,hea,42,5,1,ry,0.13288147230095013,0.13288147230095013,0.35431894533053043,0.4172303889749884,0.37503349468651687
4,8,hea,43,5,1,rz,0.07443347797843579,0.07443347797843579,0.40575378174828497,0.5510787516886965,0.18344493958311756
4,8,hea,44,5,2,ry,0.024633289258512565,0.024633289258512565,0.3656158654835048,0.45021862829007314,0.06737478207062067
4,8,hea,45,5,2,rz,0.03668845740078731,0.03668845740078731,0.4674573291913905,0.5467804027852159,0.07848514743420766
4,8,hea,46,5,3,ry,-0.055359186722264746,0.055359186722264746,0.3901162852990602,0.4871932793441319,0.14190432137388645
4,8,hea,47,5,3,rz,0.11130367966463099,0.11130367966463099,0.3951410987837336,0.488426041853533,0.28168084769524016
4,8,hea,48,6,0,ry,-0.02910344870663497,0.02910344870663497,0.3903993653413196,0.4736497997830503,0.07454788939318649
4,8,hea,49,6,0,rz,-0.11308073883184575,0.11308073883184575,0.3078093647786408,0.3667685283076296,0.3673726395984303
4,8,hea,50,6,1,ry,0.07254768907992235,0.07254768907992235,0.32360235996685754,0.4188030449462687,0.22418776268304177
4,8,hea,51,6,1,rz,-0.1548954471338221,0.1548954471338221,0.396582085804945,0.42525610008808995,0.390576006022636
4,8,hea,52,6,2,ry,-0.11359831923801779,0.11359831923801779,0.42399348714322166,0.5317819181415389,0.26792467970066935
4,8,hea,53,6,2,rz,-0.031961272299197756,0.031961272299197756,0.3849354700342033,0.49515616184549105,0.08303020840443144
4,8,hea,54,6,3,ry,0.0788811129913358,0.0788811129913358,0.4250462321273711,0.4955323742080561,0.18558243087236162
4,8,hea,55,6,3,rz,-0.01042956505658473,0.01042956505658473,0.3958800451231071,0.4978649741613484,0.026345265908367305
4,8,hea,56,7,0,ry,-0.04550345663966096,0.04550345663966096,0.26616504330665763,0.29247971286750774,0.17095955229265303
4,8,hea,57,7,0,rz,0.012713639653150336,0.012713639653150336,0.28409319757291834,0.3295798893219016,0.044751651084102693
4,8,hea,58,7,1,ry,0.07126837714314165,0.07126837714314165,0.2407681098833996,0.30740239061006996,0.2960042223933043
4,8,hea,59,7,1,rz,-0.08918809312601936,0.08918809312601936,0.2858703544321118,0.36580876038242266,0.3119879055077023
4,8,hea,60,7,2,ry,-0.06628109754258583,0.06628109754258583,0.3723591512395305,0.42737823686130455,0.1780031384268262
4,8,hea,61,7,2,rz,0.09950517566503467,0.09950517566503467,0.31893273485639345,0.3778859689355176,0.311994238251645
4,8,hea,62,7,3,ry,0.10347939084069192,0.10347939084069192,0.32241551645059874,0.40497808017106,0.3209504057989311
4,8,hea,63,7,3,rz,-0.0317168318662835,0.0317168318662835,0.31865700921567625,0.4070077033129136,0.0995328235344622
4,8,hva,0,0,-1,beta_x,0.49476509134678537,0.49476509134678537,3.9399942806534596,4.5732642081743995,0.12557507856704986
4,8,hva,1,0,-1,gamma_zz,-0.6917489293011003,0.6917489293011003,1.2018215219903223,1.3891310656824534,0.5755837423809007
4,8,hva,2,1,-1,beta_x,-0.18047521574159064,0.18047521574159064,2.993097859486579,3.5822613333160147,0.060297131672316394
4,8,hva,3,1,-1,gamma_zz,-0.4725946144388859,0.4725946144388859,1.6035137964127275,1.8359267249807822,0.294724383099255
4,8,hva,4,2,-1,beta_x,-0.3921921658844168,0.3921921658844168,3.140661937266267,3.9033308136906495,0.12487563886796213
4,8,hva,5,2,-1,gamma_zz,-0.11897444680192255,0.11897444680192255,1.9405467022051701,2.4711480637812087,0.06130975702193822
4,8,hva,6,3,-1,beta_x,-0.6624636371958812,0.6624636371958812,2.7262980824944063,3.155048575198318,0.2429901709756421
4,8,hva,7,3,-1,gamma_zz,-0.16432480268215482,0.16432480268215482,2.13789596437743,2.51484540875518,0.07686286209441781
4,8,hva,8,4,-1,beta_x,-0.16968727425864066,0.16968727425864066,2.130839397900472,2.5451829125927032,0.07963400452696455
4,8,hva,9,4,-1,gamma_zz,-0.403687061939148,0.403687061939148,1.9711697167690045,2.2907590414592756,0.20479568984087362
4,8,hva,10,5,-1,beta_x,0.5466760772609991,0.5466760772609991,2.4684484860376203,2.9542439310165176,0.22146545911457488
4,8,hva,11,5,-1,gamma_zz,0.5426517449984753,0.5426517449984753,2.3407640174614985,2.8495195920272223,0.2318267629502301
4,8,hva,12,6,-1,beta_x,-1.209023705562422,1.209023705562422,2.3645999684033376,2.600287724268152,0.511301582389345
4,8,hva,13,6,-1,gamma_zz,0.4292029616319766,0.4292029616319766,1.996105750600626,2.476462318997073,0.21502015186461423
4,8,hva,14,7,-1,beta_x,0.3835583293839798,0.3835583293839798,2.2920395166195022,2.915098525075993,0.1673436808583844
4,8,hva,15,7,-1,gamma_zz,0.484304653166831,0.484304653166831,1.9172143528939136,2.2404843284597886,0.2526085058959649
6,4,hea,0,0,0,ry,0.026062982085978036,0.026062982085978036,0.22018454995431033,0.2789868156565764,0.11836880512908898
6,4,hea,1,0,0,rz,0.03400423975573284,0.03400423975573284,0.20684335321883854,0.24863611598241359,0.1643960960145356
6,4,hea,2,0,1,ry,0.05864562312813101,0.05864562312813101,0.248483777773256,0.3083796657197414,0.2360138905391462
6,4,hea,3,0,1,rz,0.03565906659624726,0.03565906659624726,0.17948813325622534,0.2559269061798413,0.1986708867562991
6,4,hea,4,0,2,ry,0.048670617954029896,0.048670617954029896,0.2691542839359676,0.32226411507352526,0.18082795206636418
6,4,hea,5,0,2,rz,0.0034532620221966754,0.0034532620221966754,0.16633049585740858,0.22584093848788453,0.02076144849082311
6,4,hea,6,0,3,ry,-0.08472850528616753,0.08472850528616753,0.2972793234833179,0.3753427852345327,0.2850131125615329
6,4,hea,7,0,3,rz,0.022183122507255258,0.022183122507255258,0.1355400463986704,0.18820404449254421,0.16366471088556972
6,4,hea,8,0,4,ry,0.07155456398708003,0.07155456398708003,0.24204504210191413,0.2697513677144858,0.2956249934545297
6,4,hea,9,0,4,rz,-0.0047092837764200444,0.0047092837764200444,0.1714777121931591,0.24740863704277635,0.02746294965211163
6,4,hea,10,0,5,ry,0.02040205692206965,0.02040205692206965,0.24549662790910637,0.2933502578729169,0.08310524301630451
6,4,hea,11,0,5,rz,-0.09305179388563144,0.09305179388563144,0.18497501032598587,0.2629531188983262,0.5030506213874163
6,4,hea,12,1,0,ry,-0.06145309615764331,0.06145309615764331,0.2311760797584634,0.2697910167049937,0.2658280918244234
6,4,hea,13,1,0,rz,-0.021411833165126144,0.021411833165126144,0.22221594720913,0.27001872847168523,0.09635597010044974
6,4,hea,14,1,1,ry,0.02745835879018921,0.02745835879018921,0.19666644151046286,0.27199125526760326,0.13961893335385467
6,4,hea,15,1,1,rz,-0.03924536165842807,0.03924536165842807,0.20982722133470666,0.2653136889136345,0.1870365599314948
6,4,hea,16,1,2,ry,-0.009208239453584899,0.009208239453584899,0.2478170314863415,0.3269623285851269,0.03715741165309042
6,4,hea,17,1,2,rz,-0.01406543683939223,0.01406543683939223,0.24898182860535148,0.30199652246684516,0.05649182078137351
6,4,hea,18,1,3,ry,-0.013656138329961752,0.013656138329961752,0.24350528033495966,0.2822081540654978,0.056081487478122284
6,4,hea,19,1,3,rz,-0.0043287257442721485,0.0043287257442721485,0.2697867802645691,0.3492946171278547,0.016044988342375874
6,4,hea,20,1,4,ry,0.07483727089109363,0.07483727089109363,0.26876109541506016,0.3476728484451919,0.2784527677844098
6,4,hea,21,1,4,rz,-0.010534006001840528,0.010534006001840528,0.23366198182854536,0.3199794862596242,0.045082241960825456
6,4,hea,22,1,5,ry,0.015028786335329421,0.015028786335329421,0.25049324065863293,0.29006229589457677,0.059996773948125345
6,4,hea,23,1,5,rz,-0.014974259757857988,0.014974259757857988,0.25035106201773133,0.3198856778393185,0.05981304667602075
6,4,hea,24,2,0,ry,-0.06207430120124462,0.06207430120124462,0.2898859162728906,0.3388613983194218,0.21413355294849634
6,4,hea,25,2,0,rz,-0.02017590932343279,0.02017590932343279,0.1780351573612308,0.21530264982521416,0.11332542191369564
6,4,hea,26,2,1,ry,-0.030316419846993188,0.030316419846993188,0.28344441199780257,0.4081929867177553,0.10695719712134637
6,4,hea,27,2,1,rz,0.03799567751372932,0.03799567751372932,0.20275630373158768,0.24914373128086473,0.18739578900603984
6,4,hea,28,2,2,ry,-0.009475868095847457,0.009475868095847457,0.26763432175973356,0.3379490806912211,0.03540602727461204
6,4,hea,29,2,2,rz,-0.021607849799950795,0.021607849799950795,0.18129620342616362,0.24344517201850532,0.11918534084885506
6,4,hea,30,2,3,ry,-0.0433845078594841,0.0433845078594841,0.26668084926353103,0.30501144417500936,0.16268325220687987
6,4,hea,31,2,3,rz,0.06445644504119748,0.06445644504119748,0.2357961332142477,0.26276440754604463,0.2733566668908483
6,4,hea,32,2,4,ry,-0.07102916965423371,0.07102916965423371,0.22429594436425926,0.2864237417135945,0.31667612116463945
6,4,hea,33,2,4,rz,0.013659232759953056,0.013659232759953056,0.19767446063721522,0.24444323656471767,0.06909963338673923
6,4,hea,34,2,5,ry,0.06905535266496882,0.06905535266496882,0.22044367842706183,0.2908660996970674,0.31325621654338726
6,4,hea,35,2,5,rz,0.007097337906782195,0.007097337906782195,0.17222316868104223,0.2147881898605669,0.041210122663150175
6,4,hea,36,3,0,ry,-0.0263504893201773,0.0263504893201773,0.13366417961532348,0.16563077356059563,0.1971394983757955
6,4,hea,37,3,0,rz,0.004248749546170896,0.004248749546170896,0.12545479783206495,0.1629342392348611,0.03386677607865011
6,4,hea,38,3,1,ry,-0.009180725963703918,0.009180725963703918,0.10220556602777169,0.1462770302907173,0.08982608600014216
6,4,hea,39,3,1,rz,0.08133929305668727,0.08133929305668727,0.17355495213311614,0.1981226973285417,0.46866593005251617
6,4,hea,40,3,2,ry,-0.09746132863366377,0.09746132863366377,0.2177322481739097,0.28969460852700646,0.44762009050592194
6,4,hea,41,3,2,rz,0.026247407787647545,0.026247407787647545,0.13032431454542917,0.15694139374738075,0.20140069701650246
6,4,hea,42,3,3,ry,0.007590361294805618,0.007590361294805618,0.21201566787416273,0.2701010013727824,0.03580094514199146
6,4,hea,43,3,3,rz,0.014748972012484018,0.014748972012484018,0.18541393725735117,0.22148062092093138,0.07954618854791176
6,4,hea,44,3,4,ry,-0.036530167693918904,0.036530167693918904,0.20427154164065336,0.24194442768214983,0.17883140940983933
6,4,hea,45,3,4,rz,-0.02337142215211575,0.02337142215211575,0.1256199362407221,0.16756491082292035,0.18604867070883985
6,4,hea,46,3,5,ry,0.08199417659372647,0.08199417659372647,0.1830072848268367,0.19824865543665018,0.4480377744050447
6,4,hea,47,3,5,rz,0.009461935901748859,0.009461935901748859,0.1759577712452014,0.2088699865694429,0.05377390174238664
6,4,hva,0,0,-1,beta_x,0.15760810450541818,0.15760810450541818,4.695364231092422,5.548387570774877,0.03356674727420435
6,4,hva,1,0,-1,gamma_zz,0.0514765486443977,0.0514765486443977,3.0837677196313833,3.9674737408169336,0.016692745149609035
6,4,hva,2,1,-1,beta_x,-0.28391878591112785,0.28391878591112785,4.172466232194506,4.889606567868356,0.06804579596604689
6,4,hva,3,1,-1,gamma_zz,0.19412710915963138,0.19412710915963138,3.1205713462170546,4.0899504929297334,0.06220883537720231
6,4,hva,4,2,-1,beta_x,0.9950637291187359,0.9950637291187359,3.9404388710191816,4.649375681654785,0.25252611744269127
6,4,hva,5,2,-1,gamma_zz,0.5765633613670149,0.5765633613670149,3.1872181164779962,4.086229522496438,0.1808986207709375
6,4,hva,6,3,-1,beta_x,-0.8932500163026195,0.8932500163026195,4.167615885326639,4.799341819842572,0.2143311765960913
6,4,hva,7,3,-1,gamma_zz,0.5467694037776295,0.5467694037776295,2.3789079722897024,2.787443692888211,0.2298405025106385
6,6,hea,0,0,0,ry,0.0399451988067487,0.0399451988067487,0.22955785351177088,0.2752162086554696,0.17400928870725949
6,6,hea,1,0,0,rz,0.0399444004381883,0.0399444004381883,0.12316534437566991,0.1725033137846754,0.3243152580027097
6,6,hea,2,0,1,ry,0.011403507777053163,0.011403507777053163,0.23151350706048962,0.29356690138231734,0.04925633895768171
6,6,hea,3,0,1,rz,-0.002787465436191753,0.002787465436191753,0.13692914159665034,0.17145947530462655,0.02035699197182378
6,6,hea,4,0,2,ry,0.03191563320750922,0.03191563320750922,0.2393544535790323,0.2858231639594247,0.13334046110393716
6,6,hea,5,0,2,rz,-0.06033621929513886,0.06033621929513886,0.11788572399822975,0.17973900780028487,0.5118195592202869
6,6,hea,6,0,3,ry,-0.029077222869022177,0.029077222869022177,0.2405290404046307,0.28543960852514594,0.12088861627729779
6,6,hea,7,0,3,rz,0.006311161003302952,0.006311161003302952,0.15882454453782027,0.23097923139818924,0.039736685672031376
6,6,hea,8,0,4,ry,-0.0852476927290687,0.0852476927290687,0.23654300266063913,0.2828731676974509,0.36038983089840343
6,6,hea,9,0,4,rz,0.049176392001916244,0.049176392001916244,0.18559273128790385,0.2483646175763299,0.2649693857117188
6,6,hea,10,0,5,ry,-0.011146644061594733,0.011146644061594733,0.2305042830105273,0.28247302436616273,0.048357644014300635
6,6,hea,11,0,5,rz,-0.0234921843026491,0.0234921843026491,0.15968557498931407,0.21423287588261075,0.14711525636690112
6,6,hea,12,1,0,ry,0.023728873538280525,0.023728873538280525,0.23337466863258455,0.29555836262232377,0.10167716006760864
6,6,hea,13,1,0,rz,-0.1159443537726907,0.1159443537726907,0.24237473097308074,0.27178672411248905,0.4783681587069716
6,6,hea,14,1,1,ry,-0.017970573206834324,0.017970573206834324,0.244958215225866,0.3250235712936529,0.07336179025579655
6,6,hea,15,1,1,rz,0.043153020235452706,0.043153020235452706,0.16540877503162527,0.2017211048700502,0.2608871278274192
6,6,hea,16,1,2,ry,-0.0733620124621071,0.0733620124621071,0.21728426225153477,0.26100102160948496,0.33763150493237615
6,6,hea,17,1,2,rz,0.01648374283220346,0.01648374283220346,0.22736507681788445,0.27476485650509186,0.07249900935932473
6,6,hea,18,1,3,ry,0.05870622985151943,0.05870622985151943,0.25443796918074585,0.29960583456244266,0.23072904582812434
6,6,hea,19,1,3,rz,-0.04902783428920472,0.04902783428920472,0.22061762827392678,0.2628558193441318,0.2222299037152633
6,6,hea,20,1,4,ry,-0.04604412246222329,0.04604412246222329,0.2308993839277977,0.27199741484498446,0.19941206286033702
6,6,hea,21,1,4,rz,0.09164410823559344,0.09164410823559344,0.24468707900743697,0.31396510304390546,0.37453595264344813
6,6,hea,22,1,5,ry,0.08398284057977276,0.08398284057977276,0.24888788778508836,0.30097106484065955,0.3374324131525861
6,6,hea,23,1,5,rz,-0.11752603423797446,0.11752603423797446,0.23169322014754917,0.2560732967452441,0.5072484821227391
6,6,hea,24,2,0,ry,0.11796356511175941,0.11796356511175941,0.23508547994988405,0.24460357681461484,0.5017900941262157
6,6,hea,25,2,0,rz,-0.027534556862089023,0.027534556862089023,0.22164705045230904,0.26505384501114443,0.12422703936686677
6,6,hea,26,2,1,ry,0.08961956998213197,0.08961956998213197,0.2814704856170999,0.33007363453477484,0.31839775238120765
6,6,hea,27,2,1,rz,-0.025354752152950532,0.025354752152950532,0.23742825002249743,0.2907714227251346,0.10678911271320049
6,6,hea,28,2,2,ry,0.005894898526202383,0.005894898526202383,0.3078580573979668,0.3717761485123157,0.01914810538345616
6,6,hea,29,2,2,rz,0.0232621576886285,0.0232621576886285,0.2103563839250749,0.25817878215056417,0.11058451022296496
6,6,hea,30,2,3,ry,-0.03454455702535538,0.03454455702535538,0.21656301214075901,0.2795981793645019,0.1595127288075508
6,6,hea,31,2,3,rz,0.031309914580413316,0.031309914580413316,0.24467147973257855,0.3224377996663228,0.1279671607603565
6,6,hea,32,2,4,ry,0.08341974609864057,0.08341974609864057,0.2326165294134316,0.2772966116024688,0.3586148684661075
6,6,hea,33,2,4,rz,0.09484951321005161,0.09484951321005161,0.24758206121880968,0.2925053277974879,0.383103334478763
6,6,hea,34,2,5,ry,-0.07725261072365376,0.07725261072365376,0.2099401359360216,0.23911452355672289,0.36797447224286745
6,6,hea,35,2,5,rz,0.017807150864550845,0.017807150864550845,0.2294779664753323,0.2776491086036001,0.07759852127879538
6,6,hea,36,3,0,ry,0.008671089899682623,0.008671089899682623,0.1741957173297018,0.24069978972238687,0.04977785925282379
6,6,hea,37,3,0,rz,0.01521186912652844,0.01521186912652844,0.1783845323521804,0.22130033646223143,0.08527571828086483
6,6,hea,38,3,1,ry,0.017888561755452,0.017888561755452,0.25992788029136676,0.3216062428167654,0.06882125047686191
6,6,hea,39,3,1,rz,0.0857929475328523,0.0857929475328523,0.2411389344527153,0.30636238642214525,0.3557822287287041
6,6,hea,40,3,2,ry,-0.06409491778759298,0.06409491778759298,0.2065917111136571,0.23688395492025388,0.3102492226918564
6,6,hea,41,3,2,rz,-0.03246769333554036,0.03246769333554036,0.22410033211296573,0.273838146979386,0.14488016608192136
6,6,hea,42,3,3,ry,0.02620633147687844,0.02620633147687844,0.27351692529718424,0.33407027638451875,0.09581246735793182
6,6,hea,43,3,3,rz,0.05032529050503952,0.05032529050503952,0.27174159266107856,0.3209473853930479,0.18519539100444599
6,6,hea,44,3,4,ry,-0.006852935311112343,0.006852935311112343,0.23405767514650355,0.27841952071464887,0.029278831838446914
6,6,hea,45,3,4,rz,-0.020756549233534836,0.020756549233534836,0.23250092695256852,0.2853021106074426,0.0892751246439942
6,6,hea,46,3,5,ry,0.05000518496414741,0.05000518496414741,0.2087446571877806,0.24440691209390442,0.23955192740173448
6,6,hea,47,3,5,rz,-0.09190454750110645,0.09190454750110645,0.2064779271971222,0.2369178365077872,0.4451059188199121
6,6,hea,48,4,0,ry,-0.018758947029525956,0.018758947029525956,0.1908893494432177,0.24379316055230235,0.09827131311538116
6,6,hea,49,4,0,rz,-0.021538160032230073,0.021538160032230073,0.20386915217764912,0.24990764566129722,0.10564697896747947
6,6,hea,50,4,1,ry,-0.05478117979228389,0.05478117979228389,0.2212024863052912,0.27135738721160435,0.24765173623174264
6,6,hea,51,4,1,rz,0.04490987287960493,0.04490987287960493,0.1530453969419198,0.1815795775808515,0.29344151328280577
6,6,hea,52,4,2,ry,0.054275322683206374,0.054275322683206374,0.27504491897584227,0.33162720360898096,0.19733257711251626
6,6,hea,53,4,2,rz,0.04704662896016566,0.04704662896016566,0.20388945694687902,0.2378033365874288,0.23074576618457948
6,6,hea,54,4,3,ry,0.05434002052819093,0.05434002052819093,0.2701671121677875,0.35284429180421606,0.2011348461038545
6,6,hea,55,4,3,rz,0.030093165577105917,0.030093165577105917,0.18319767999993472,0.2592136432876317,0.164266084467426
6,6,hea,56,4,4,ry,-0.04006690012242153,0.04006690012242153,0.19796589841226236,0.24171417055341493,0.20239293961115631
6,6,hea,57,4,4,rz,-0.039551901577531995,0.039551901577531995,0.14466378425051798,0.1705548862394847,0.2734056888007207
6,6,hea,58,4,5,ry,-0.04669230782961139,0.04669230782961139,0.21799456523439106,0.27216136209142666,0.21419023808876564
6,6,hea,59,4,5,rz,0.009164745935663358,0.009164745935663358,0.1563984231986296,0.20995780539514658,0.05859871057666522
6,6,hea,60,5,0,ry,-0.05453483967596557,0.05453483967596557,0.12279132853810275,0.1524813271522672,0.44412614738542144
6,6,hea,61,5,0,rz,0.034451014036697744,0.034451014036697744,0.11006500088718205,0.1323940217177213,0.3130060760369242
6,6,hea,62,5,1,ry,-0.03486232889477609,0.03486232889477609,0.10097807036872467,0.1462136265228693,0.34524653489094054
6,6,hea,63,5,1,rz,-0.06105382091821645,0.06105382091821645,0.15053081817844363,0.1744364756658654,0.4055901752014731
6,6,hea,64,5,2,ry,0.03907685706523513,0.03907685706523513,0.18481053807250183,0.21524515504027014,0.21144279689237702
6,6,hea,65,5,2,rz,-0.025242886791204365,0.025242886791204365,0.1355095603717331,0.17796316622889374,0.18628122415833454
6,6,hea,66,5,3,ry,0.06135782869455166,0.06135782869455166,0.17184186990501427,0.19941829141460485,0.35705982906533135
6,6,hea,67,5,3,rz,0.005252671498544636,0.005252671498544636,0.14948576028039184,0.18054301712985493,0.035138273295677896
6,6,hea,68,5,4,ry,-0.030199873561803408,0.030199873561803408,0.17207185279762047,0.22836047841929683,0.17550734225732043
6,6,hea,69,5,4,rz,0.01503535961048817,0.01503535961048817,0.15820824214549906,0.17461368049253567,0.09503524852175867
6,6,hea,70,5,5,ry,-0.022192874282860802,0.022192874282860802,0.1703351797011839,0.21471632684449476,0.13028943475912172
6,6,hea,71,5,5,rz,0.0347163771145309,0.0347163771145309,0.11880605384266875,0.1670604129874274,0.29221050604462
6,6,hva,0,0,-1,beta_x,1.2197075905412065,1.2197075905412065,3.2133897230011383,3.6513214585676304,0.3795703900496896
6,6,hva,1,0,-1,gamma_zz,-0.041643784781768216,0.041643784781768216,3.1947907870672734,4.147659199872738,0.01303490198805663
6,6,hva,2,1,-1,beta_x,0.8213856912857656,0.8213856912857656,2.788142663266238,3.2720434225890322,0.29459959208957154
6,6,hva,3,1,-1,gamma_zz,-0.5231938931348744,0.5231938931348744,2.682943576137036,3.5207868022676863,0.1950074156565681
6,6,hva,4,2,-1,beta_x,0.501539155969797,0.501539155969797,3.2948928173710352,4.167012527957292,0.15221713839237125
6,6,hva,5,2,-1,gamma_zz,0.07500622687367503,0.07500622687367503,2.40104901595493,3.1029941835971573,0.03123894030286758
6,6,hva,6,3,-1,beta_x,0.38000115325212186,0.38000115325212186,3.144621512977963,3.612039845197969,0.12084161851715498
6,6,hva,7,3,-1,gamma_zz,-0.3101828408196353,0.3101828408196353,2.1873624057567573,2.6690071143889837,0.14180678976802744
6,6,hva,8,4,-1,beta_x,0.09625423614794085,0.09625423614794085,3.39988067717448,4.3081642414617605,0.028311063030580914
6,6,hva,9,4,-1,gamma_zz,-0.17766027518282873,0.17766027518282873,2.6425702734764758,3.704500835192365,0.06723010432911017
6,6,hva,10,5,-1,beta_x,-0.0003270336737873099,0.0003270336737873099,3.2117079741044696,3.901502716319972,0.00010182546994438298
6,6,hva,11,5,-1,gamma_zz,-0.30828300511911755,0.30828300511911755,1.9601712033848073,2.4894140409341,0.15727350987851307
6,8,hea,0,0,0,ry,0.11773176977603497,0.11773176977603497,0.2149856050222075,0.2377717413146429,0.5476262922993054
6,8,hea,1,0,0,rz,0.0059795310878401845,0.0059795310878401845,0.1789852706620199,0.2527757343377941,0.03340795064154398
6,8,hea,2,0,1,ry,0.017534501981728578,0.017534501981728578,0.19945701484804132,0.23891450711108342,0.08791118224188484
6,8,hea,3,0,1,rz,0.024806775816894094,0.024806775816894094,0.13701208247600935,0.17335730180793735,0.18105538846355065
6,8,hea,4,0,2,ry,-0.00044504918270988996,0.00044504918270988996,0.226973149388839,0.30076525818309846,0.0019608010194520943
6,8,hea,5,0,2,rz,0.011694182818604914,0.011694182818604914,0.12180743504605654,0.16367341099746632,0.09600549272040033
6,8,hea,6,0,3,ry,0.006423764066852032,0.006423764066852032,0.20583359885623398,0.263633972675963,0.031208530106587345
6,8,hea,7,0,3,rz,0.020222061897323174,0.020222061897323174,0.158108417281018,0.23494085855713384,0.12789997044484264
6,8,hea,8,0,4,ry,-0.07374435111324695,0.07374435111324695,0.2582501196155027,0.31604202827099775,0.28555398627904377
6,8,hea,9,0,4,rz,0.030877087185894592,0.030877087185894592,0.15595166070715943,0.2076571124986088,0.19799139711550945
6,8,hea,10,0,5,ry,0.006835588816801566,0.006835588816801566,0.20440420330449885,0.23833836237360834,0.03344152765106609
6,8,hea,11,0,5,rz,0.029169025513790765,0.029169025513790765,0.11814730088136403,0.1461463244442238,0.24688693940693734
6,8,hea,12,1,0,ry,-0.03404666821176501,0.03404666821176501,0.19349249259916793,0.24381252986398802,0.17595860053492973
6,8,hea,13,1,0,rz,0.04452944714589775,0.04452944714589775,0.21573229982569497,0.26361659823645206,0.2064106635022941
6,8,hea,14,1,1,ry,-0.04818402300580641,0.04818402300580641,0.24333390371051528,0.284670176314551,0.19801606874777647
6,8,hea,15,1,1,rz,0.058793700236986476,0.058793700236986476,0.2201285731887326,0.27603792728274873,0.2670879994601064
6,8,hea,16,1,2,ry,-0.03613241766963474,0.03613241766963474,0.24162609054982293,0.2830242661988545,0.1495385601257499
6,8,hea,17,1,2,rz,0.03923233418533008,0.03923233418533008,0.2378242236940119,0.29976104029715933,0.16496357509740808
6,8,hea,18,1,3,ry,0.019498624674295598,0.019498624674295598,0.2695746680278032,0.30726602742630404,0.07233107182120127
6,8,hea,19,1,3,rz,0.015710446001168006,0.015710446001168006,0.18167643108097462,0.22520972094121627,0.08647487132860757
6,8,hea,20,1,4,ry,-0.07421215675391726,0.07421215675391726,0.33339675708707056,0.3860209306006934,0.22259411699837153
6,8,hea,21,1,4,rz,-0.055955358122327346,0.055955358122327346,0.20103818797611,0.25968637532024746,0.27833198600544695
6,8,hea,22,1,5,ry,0.03643286903645615,0.03643286903645615,0.20430589612022507,0.2506143344132685,0.17832509843483335
6,8,hea,23,1,5,rz,-0.0434119910473674,0.0434119910473674,0.22596777544717608,0.27570890499600664,0.1921158490915689
6,8,hea,24,2,0,ry,-0.0084289282755498,0.0084289282755498,0.20774663787161923,0.25289415463627946,0.04057311522296966
6,8,hea,25,2,0,rz,-0.02657208932233918,0.02657208932233918,0.2110960580928691,0.2772075031941378,0.12587676701499084
6,8,hea,26,2,1,ry,0.03737403718982687,0.03737403718982687,0.2500897314042705,0.29334812651186143,0.14944251001418177
6,8,hea,27,2,1,rz,-0.004505980012338573,0.004505980012338573,0.18355500284122517,0.2288385492409618,0.024548391177527395
6,8,hea,28,2,2,ry,-0.016897711991118166,0.016897711991118166,0.20846067097893325,0.2564696889830315,0.08105947233003843
6,8,hea,29,2,2,rz,-0.1380371404361314,0.1380371404361314,0.22938946500441693,0.26344427590121894,0.6017588490102319
6,8,hea,30,2,3,ry,0.05143872239424126,0.05143872239424126,0.20209807095836488,0.2447972493940633,0.25452356942505466
6,8,hea,31,2,3,rz,0.011495352511620554,0.011495352511620554,0.24657655061519995,0.31574175851683084,0.04661981231767579
6,8,hea,32,2,4,ry,0.03130693504697882,0.03130693504697882,0.17760973284110732,0.24105296901018716,0.17626812757489116
6,8,hea,33,2,4,rz,-0.018424227863762445,0.018424227863762445,0.21786209043574567,0.2791693292730877,0.08456830569702185
6,8,hea,34,2,5,ry,-0.02814582062983165,0.02814582062983165,0.19025502121392898,0.22522948562768275,0.14793733405954854
6,8,hea,35,2,5,rz,0.010833893444688169,0.010833893444688169,0.2222235473891015,0.2628430943145673,0.04875222977931567
6,8,hea,36,3,0,ry,0.007431942342781055,0.007431942342781055,0.21194908276178484,0.2558219308083879,0.03506475350560481
6,8,hea,37,3,0,rz,-0.02081365011570153,0.02081365011570153,0.17568871263746627,0.21715019584468798,0.11846890903373165
6,8,hea,38,3,1,ry,-0.051200746411961526,0.051200746411961526,0.2031116339561578,0.24354191323704139,0.25208180060731084
6,8,hea,39,3,1,rz,-0.013274050275194411,0.013274050275194411,0.21721002984744023,0.2668934019046574,0.061111589941392305
6,8,hea,40,3,2,ry,0.017111175277404026,0.017111175277404026,0.2535724624413475,0.31906475587847916,0.06748041610142053
6,8,hea,41,3,2,rz,0.032368279980447334,0.032368279980447334,0.19730354740182302,0.2293052452033841,0.16405320840241566
6,8,hea,42,3,3,ry,0.07819204897848384,0.07819204897848384,0.210414663077143,0.2661287465928257,0.3716093157909647
6,8,hea,43,3,3,rz,0.012682165480598062,0.012682165480598062,0.1932183003682618,0.23905919944124632,0.06563646122767147
6,8,hea,44,3,4,ry,-0.02073867787375573,0.02073867787375573,0.23560403799210392,0.27124371058070923,0.0880234398803075
6,8,hea,45,3,4,rz,0.09134585362128916,0.09134585362128916,0.2521850673934315,0.2974199958547139,0.3622175355798566
6,8,hea,46,3,5,ry,-0.04619190495545065,0.04619190495545065,0.24515096080391607,0.28841108465751764,0.18842228806272981
6,8,hea,47,3,5,rz,0.01094810318473643,0.01094810318473643,0.2293414026057886,0.2901791475026862,0.04773714235782759
6,8,hea,48,4,0,ry,-0.06029023783969824,0.06029023783969824,0.19566977306104275,0.22975283508639616,0.3081223885351433
6,8,hea,49,4,0,rz,-0.024450474631073638,0.024450474631073638,0.24906297629618676,0.3180104086193522,0.09816984842418702
6,8,hea,50,4,1,ry,0.005770325244302226,0.005770325244302226,0.20197670554485878,0.2534476537051513,0.028569261137000847
6,8,hea,51,4,1,rz,0.02930620469510325,0.02930620469510325,0.1883157217987376,0.2329352762894437,0.15562271920357293
6,8,hea,52,4,2,ry,-0.03218204060178694,0.03218204060178694,0.23063028134449298,0.2884399973897941,0.13953952800203376
6,8,hea,53,4,2,rz,-0.09546740690419485,0.09546740690419485,0.26087061672299333,0.3121928696824109,0.3659569180440394
6,8,hea,54,4,3,ry,0.00029370725992326394,0.00029370725992326394,0.22651827494378282,0.2729115723459306,0.001296616178081679
6,8,hea,55,4,3,rz,0.02615287705761727,0.02615287705761727,0.20945544105857145,0.2586346651562102,0.1248612923371317
6,8,hea,56,4,4,ry,-0.019006207265119073,0.019006207265119073,0.18948731504343555,0.24440561988412973,0.10030332247180895
6,8,hea,57,4,4,rz,-0.023009475764584213,0.023009475764584213,0.21970693927626794,0.27702407310423777,0.10472803380894179
6,8,hea,58,4,5,ry,0.0704010350600079,0.0704010350600079,0.22162407015437363,0.2596701845398643,0.3176596973919363
6,8,hea,59,4,5,rz,0.02969839068111329,0.02969839068111329,0.17772065549592805,0.23377554960605976,0.16710714125063292
6,8,hea,60,5,0,ry,-0.09221835441130878,0.09221835441130878,0.2889167520293656,0.3449672958457868,0.31918659532049337
6,8,hea,61,5,0,rz,-0.06751651176320589,0.06751651176320589,0.21705227969840266,0.2850324826297686,0.31106105799497136
6,8,hea,62,5,1,ry,-0.06510948664840216,0.06510948664840216,0.25671440748232105,0.28274598843767257,0.2536261493343951
6,8,hea,63,5,1,rz,-0.037451051373168336,0.037451051373168336,0.23244163781627822,0.28120079305025075,0.16112023527716438
6,8,hea,64,5,2,ry,-0.029140451360808516,0.029140451360808516,0.22137109322662488,0.26938935017601395,0.13163620839590084
6,8,hea,65,5,2,rz,-0.0798063085510696,0.0798063085510696,0.22570298886269666,0.261219799297632,0.3535899500188645
6,8,hea,66,5,3,ry,-0.024973844590719874,0.024973844590719874,0.21055179789375741,0.27157462955245293,0.11861140508199954
6,8,hea,67,5,3,rz,-0.0693808793801292,0.0693808793801292,0.23829026187706967,0.29805465149811494,0.29116120328879175
6,8,hea,68,5,4,ry,-0.01299233070564673,0.01299233070564673,0.1828534983760272,0.23102853781837607,0.07105322469099669
6,8,hea,69,5,4,rz,-0.022826841811138945,0.022826841811138945,0.26517653522108403,0.3145729397487623,0.08608168061366205
6,8,hea,70,5,5,ry,-0.0025386632387412434,0.0025386632387412434,0.1583826335900507,0.22086764868798567,0.016028671712279834
6,8,hea,71,5,5,rz,-0.0709758672184643,0.0709758672184643,0.22065691774291368,0.2692898175716912,0.3216571134250938
6,8,hea,72,6,0,ry,-0.04696138945756285,0.04696138945756285,0.26688333648953233,0.3251078037263617,0.17596223906397612
6,8,hea,73,6,0,rz,0.060648010669033955,0.060648010669033955,0.19538707342632664,0.2216502999221489,0.3103992992243768
6,8,hea,74,6,1,ry,-0.017177963047567742,0.017177963047567742,0.17693191829810667,0.2301370535411781,0.0970879828399592
6,8,hea,75,6,1,rz,-0.006842017199470431,0.006842017199470431,0.17376197922912828,0.2343658657739232,0.03937580148329389
6,8,hea,76,6,2,ry,0.03501174541808657,0.03501174541808657,0.2501422081701145,0.30434526880742496,0.13996736366169737
6,8,hea,77,6,2,rz,0.023583549340849688,0.023583549340849688,0.2352999738623757,0.27538557029558786,0.10022759014262934
6,8,hea,78,6,3,ry,0.007095642293927688,0.007095642293927688,0.19813844015176704,0.2446405589722145,0.03581153807657232
6,8,hea,79,6,3,rz,0.012780820674284089,0.012780820674284089,0.18424631539060504,0.2499206117270984,0.06936812086140491
6,8,hea,80,6,4,ry,0.0031139518244521253,0.0031139518244521253,0.17858742076719822,0.24651100731149722,0.01743656866242204
6,8,hea,81,6,4,rz,0.011411585224411375,0.011411585224411375,0.1719590138806135,0.21711525392648068,0.06636223927367986
6,8,hea,82,6,5,ry,-0.09736519036428957,0.09736519036428957,0.22963196638786562,0.30272126480838113,0.4240053852077025
6,8,hea,83,6,5,rz,0.04463522138352405,0.04463522138352405,0.1885029075388916,0.23968383584412364,0.23678797301476504
6,8,hea,84,7,0,ry,-0.026909889360422712,0.026909889360422712,0.11739334943712149,0.14670419910998192,0.22922839743009482
6,8,hea,85,7,0,rz,-0.002499597687555678,0.002499597687555678,0.12381185626788431,0.17382629318566586,0.02018867790938719
6,8,hea,86,7,1,ry,-0.09129660791786728,0.09129660791786728,0.11573294877530678,0.17032232280667245,0.7888558002191497
6,8,hea,87,7,1,rz,0.014334818956913742,0.014334818956913742,0.22114335599869844,0.26407525021504313,0.06482138652629495
6,8,hea,88,7,2,ry,0.010657641708064772,0.010657641708064772,0.16543897341004454,0.20654203355225925,0.06442038105283379
6,8,hea,89,7,2,rz,0.021130173587849223,0.021130173587849223,0.12293570579631344,0.1513058188102738,0.1718798737191835
6,8,hea,90,7,3,ry,-0.04652965803453306,0.04652965803453306,0.15265856717270287,0.1684019081454582,0.30479558989895195
6,8,hea,91,7,3,rz,0.021425929548215716,0.021425929548215716,0.1579355445584651,0.18517985151009225,0.13566249198757194
6,8,hea,92,7,4,ry,0.036550766667839664,0.036550766667839664,0.18619154916106886,0.22639585608322882,0.19630733420785101
6,8,hea,93,7,4,rz,-0.05544832610191814,0.05544832610191814,0.14481429050773265,0.1769833511874636,0.3828926406883648
6,8,hea,94,7,5,ry,-0.04300028801965936,0.04300028801965936,0.1560864033378598,0.2018110380058085,0.27549028679059245
6,8,hea,95,7,5,rz,0.026404737067654623,0.026404737067654623,0.1202673526294007,0.14355816430638166,0.21955033091166146
6,8,hva,0,0,-1,beta_x,0.21969921922622884,0.21969921922622884,4.5285153049695595,5.643111761126453,0.04851462442561086
6,8,hva,1,0,-1,gamma_zz,-0.4026198618626205,0.4026198618626205,2.3184921570899855,2.9323276271407055,0.17365590848836926
6,8,hva,2,1,-1,beta_x,-0.47127945207073296,0.47127945207073296,3.9493565683639904,4.7293058560444186,0.11933069195267902
6,8,hva,3,1,-1,gamma_zz,-0.6120111763658251,0.6120111763658251,2.841351081987417,3.270768106192165,0.21539442283131954
6,8,hva,4,2,-1,beta_x,0.032699778798744784,0.032699778798744784,3.4677004889715564,4.701377891830008,0.009429816358921704
6,8,hva,5,2,-1,gamma_zz,-0.514337580363779,0.514337580363779,3.0519444171440977,3.6888900614499156,0.1685278334279357
6,8,hva,6,3,-1,beta_x,-0.2686830037638514,0.2686830037638514,3.5977698662402,4.229309361230149,0.0746804308649777
6,8,hva,7,3,-1,gamma_zz,-0.010113399695107139,0.010113399695107139,2.789948381629789,3.7276022724258664,0.0036249415084874245
6,8,hva,8,4,-1,beta_x,-0.34674886387771786,0.34674886387771786,2.9476409874051863,3.6452561756323134,0.11763605722654895
6,8,hva,9,4,-1,gamma_zz,-0.47959609777728496,0.47959609777728496,2.795854470293613,3.314988818190802,0.171538291020891
6,8,hva,10,5,-1,beta_x,0.3656841763382174,0.3656841763382174,3.2222940513216645,4.115819863846365,0.11348566285818247
6,8,hva,11,5,-1,gamma_zz,0.9659552794032596,0.9659552794032596,2.8115795864189206,3.702552849613471,0.34356319987142403
6,8,hva,12,6,-1,beta_x,-1.4383903824265183,1.4383903824265183,2.755232493448454,3.1198935137503105,0.5220577159447716
6,8,hva,13,6,-1,gamma_zz,0.7093643648542017,0.7093643648542017,2.7116024363150095,3.5165386344516083,0.2616033808474547
6,8,hva,14,7,-1,beta_x,-0.004071677517092376,0.004071677517092376,3.030204957518064,3.833072935461663,0.0013436970680779775
6,8,hva,15,7,-1,gamma_zz,1.0318812734512923,1.0318812734512923,2.5901465644858246,3.166504698786093,0.39838721391278986
8,4,hea,0,0,0,ry,0.015123024213794401,0.015123024213794401,0.14861795412779805,0.19811366476021494,0.10175772034104212
8,4,hea,1,0,0,rz,-0.027538369633100922,0.027538369633100922,0.10777126268251683,0.15675208807843036,0.25552609246331187
8,4,hea,2,0,1,ry,0.004749406518957787,0.004749406518957787,0.22215914063709724,0.2757375008730682,0.021378397959848274
8,4,hea,3,0,1,rz,-0.05207459001901912,0.05207459001901912,0.13478846036194891,0.20334119676304227,0.3863430881188365
8,4,hea,4,0,2,ry,-0.04751085251358285,0.04751085251358285,0.22274859307536765,0.2594815709930392,0.21329361437316552
8,4,hea,5,0,2,rz,0.011373671018359077,0.011373671018359077,0.12165628439279061,0.16574777268363414,0.09349020541870988
8,4,hea,6,0,3,ry,-0.05946871423548927,0.05946871423548927,0.18049923154882108,0.22457131268527658,0.3294679635209636
8,4,hea,7,0,3,rz,0.006267651679440411,0.006267651679440411,0.08747678343980352,0.13828283188265025,0.07164931577249152
8,4,hea,8,0,4,ry,-0.08364246945256266,0.08364246945256266,0.18435711745135347,0.21254076293858315,0.45369807582629973
8,4,hea,9,0,4,rz,0.07149516079794623,0.07149516079794623,0.1435321894222405,0.18939578392760364,0.4981123822170824
8,4,hea,10,0,5,ry,0.012203880821855601,0.012203880821855601,0.18463066313629287,0.2340505198921651,0.06609888419696965
8,4,hea,11,0,5,rz,0.028053620551575363,0.028053620551575363,0.08441682278962867,0.11951030860882138,0.33232262983275485
8,4,hea,12,0,6,ry,0.01652431667148946,0.01652431667148946,0.15809205359150805,0.21020708532183544,0.10452338555982274
8,4,hea,13,0,6,rz,0.004836307893221681,0.004836307893221681,0.10756113163142872,0.1419190361790197,0.044963341495828
8,4,hea,14,0,7,ry,-0.03755556981700817,0.03755556981700817,0.15149960655150616,0.17414443320317283,0.24789219372817284
8,4,hea,15,0,7,rz,0.00897390698869805,0.00897390698869805,0.11521627438760176,0.15980293971273432,0.07788749494284672
8,4,hea,16,1,0,ry,-0.01678730061154009,0.01678730061154009,0.12294371821453944,0.1476804686236515,0.13654459825467255
8,4,hea,17,1,0,rz,-0.0001561530274537759,0.0001561530274537759,0.11151108351700063,0.1432160728013922,0.0014003363838713655
8,4,hea,18,1,1,ry,-0.035244854974236205,0.035244854974236205,0.1579416239073202,0.1908787439682239,0.22315114978757966
8,4,hea,19,1,1,rz,0.023862728412555396,0.023862728412555396,0.15249487551199056,0.2024663517468857,0.15648216592484074
8,4,hea,20,1,2,ry,0.008232554763526311,0.008232554763526311,0.21934794320060785,0.27930475337812183,0.03753194419515058
8,4,hea,21,1,2,rz,0.07159867083682743,0.07159867083682743,0.19993292670095858,0.2431526038010325,0.35811345343790135
8,4,hea,22,1,3,ry,0.018642782949979623,0.018642782949979623,0.19490114504096687,0.23116422710794926,0.09565250602330193
8,4,hea,23,1,3,rz,0.0040683153460121645,0.0040683153460121645,0.20703058871546073,0.26480569144213956,0.019650793495078967
8,4,hea,24,1,4,ry,-0.05699517836912961,0.05699517836912961,0.19801195183277467,0.2503129822638063,0.28783706155910715
8,4,hea,25,1,4,rz,-0.014893043868464465,0.014893043868464465,0.19512939645776622,0.27501250033953595,0.07632393754514501
8,4,hea,26,1,5,ry,0.08263776169804403,0.08263776169804403,0.19894734230502634,0.2337726276993779,0.41537504718883494
8,4,hea,27,1,5,rz,-0.048981539410998295,0.048981539410998295,0.16958664128758627,0.19571958465300265,0.28882899642982346
8,4,hea,28,1,6,ry,0.03814972097292967,0.03814972097292967,0.1308119481566627,0.1745433780909009,0.291637893254526
8,4,hea,29,1,6,rz,0.05173651571181629,0.05173651571181629,0.14417304060672886,0.16412104482505688,0.35885013934707344
8,4,hea,30,1,7,ry,-0.04453029780038782,0.04453029780038782,0.1368220015320629,0.18736320656547167,0.3254615288605631
8,4,hea,31,1,7,rz,-0.009261114341466292,0.009261114341466292,0.11574369771963493,0.15249882048137536,0.08001398368919696
8,4,hea,32,2,0,ry,-0.04557210460187162,0.04557210460187162,0.11708728772388308,0.1427493735651847,0.3892147942596469
8,4,hea,33,2,0,rz,0.007207361384114445,0.007207361384114445,0.10528280964074346,0.12886763147129424,0.06845715277458927
8,4,hea,34,2,1,ry,0.035902121070159075,0.035902121070159075,0.14784112765791466,0.18073040704373058,0.24284258135010794
8,4,hea,35,2,1,rz,-0.0177216870789729,0.0177216870789729,0.19095175059858452,0.24438935029088663,0.09280714643055059
8,4,hea,36,2,2,ry,0.022629668363017684,0.022629668363017684,0.14666417904823775,0.20027474458533434,0.15429581040081128
8,4,hea,37,2,2,rz,-0.008055089325899998,0.008055089325899998,0.16827359757704252,0.22783222538380027,0.04786900287320476
8,4,hea,38,2,3,ry,-0.004310003449405544,0.004310003449405544,0.18564980356241573,0.23516668757945375,0.02321577166633786
8,4,hea,39,2,3,rz,-0.046877344073362165,0.046877344073362165,0.1888564082684585,0.23646007400045013,0.24821685693993498
8,4,hea,40,2,4,ry,-0.01558354237605097,0.01558354237605097,0.2113238801673138,0.2689379207096974,0.07374245808714455
8,4,hea,41,2,4,rz,0.021088251612755012,0.021088251612755012,0.1507756085202371,0.17242969904671054,0.13986514012261078
8,4,hea,42,2,5,ry,0.03339019397391686,0.03339019397391686,0.14810278995474932,0.2163960066184138,0.22545283572388158
8,4,hea,43,2,5,rz,-0.009876169016274064,0.009876169016274064,0.15795385951587707,0.19620024637895567,0.06252565810385455
8,4,hea,44,2,6,ry,-0.00792217038151357,0.00792217038151357,0.15049907816328084,0.19084871701414952,0.05263932828158936
8,4,hea,45,2,6,rz,0.017094822007842545,0.017094822007842545,0.17694534931408665,0.22707138446691796,0.09661074492270663
8,4,hea,46,2,7,ry,0.022288747190712017,0.022288747190712017,0.1362978789654641,0.16778874137146327,0.16352967015986725
8,4,hea,47,2,7,rz,0.09032936112811384,0.09032936112811384,0.13958904351119514,0.1641076573943411,0.6471092490928109
8,4,hea,48,3,0,ry,-0.020772718411996013,0.020772718411996013,0.06462377652478822,0.07726481328202167,0.32144079979646106
8,4,hea,49,3,0,rz,0.028856451884484265,0.028856451884484265,0.09151059473119477,0.12131953863358909,0.3153345464451141
8,4,hea,50,3,1,ry,0.008432189186945792,0.008432189186945792,0.09624442217228264,0.15788074863781967,0.08761223764065658
8,4,hea,51,3,1,rz,-0.02853346689921085,0.02853346689921085,0.14511183001591965,0.19297507391203214,0.1966308804463451
8,4,hea,52,3,2,ry,-0.015139990665300473,0.015139990665300473,0.15553866834016508,0.18785471466836245,0.09733907861541556
8,4,hea,53,3,2,rz,-0.0877443796643623,0.0877443796643623,0.13887527991739654,0.16831030800358054,0.6318214423513839
8,4,hea,54,3,3,ry,0.021455230655251827,0.021455230655251827,0.12174032199870718,0.16889465990513486,0.1762376696808761
8,4,hea,55,3,3,rz,-0.013137330162525138,0.013137330162525138,0.11484653416520298,0.14773033510091027,0.11439030579388147
8,4,hea,56,3,4,ry,0.043432415965425616,0.043432415965425616,0.14806518108634165,0.20439465703078155,0.29333308240847294
8,4,hea,57,3,4,rz,-0.030585287519249597,0.030585287519249597,0.129365574371565,0.18904846681047416,0.23642524425703867
8,4,hea,58,3,5,ry,0.03557559864560286,0.03557559864560286,0.11280711115952399,0.1497039754623749,0.31536663141115284
8,4,hea,59,3,5,rz,0.01904090737615239,0.01904090737615239,0.08931917579006317,0.11491626575340144,0.21317827003807277
8,4,hea,60,3,6,ry,0.0510677881849745,0.0510677881849745,0.12062380594093892,0.15772645934201024,0.4233640929053293
8,4,hea,61,3,6,rz,0.015183875653088087,0.015183875653088087,0.10820582659086128,0.143592611278378,0.14032401148322568
8,4,hea,62,3,7,ry,-0.028202682172435056,0.028202682172435056,0.10787520264882072,0.13779653140614279,0.261438045815278
8,4,hea,63,3,7,rz,0.013459111146834396,0.013459111146834396,0.08661880181933798,0.10551408357397622,0.15538325241332815
8,4,hva,0,0,-1,beta_x,0.0005327909588515626,0.0005327909588515626,6.751948912339932,7.8538976278852,7.890921062477653e-05
8,4,hva,1,0,-1,gamma_zz,-0.04653706261498656,0.04653706261498656,4.771872350377177,6.07828375450733,0.009752369551819252
8,4,hva,2,1,-1,beta_x,-0.6814244032328496,0.6814244032328496,5.914493609261947,7.096116053980722,0.11521263666017935
8,4,hva,3,1,-1,gamma_zz,0.08989283278871184,0.08989283278871184,5.0043400180183735,6.333493128026778,0.017962974631029912
8,4,hva,4,2,-1,beta_x,1.6215735370638902,1.6215735370638902,5.725858228384274,6.823107097406954,0.28320183147836453
8,4,hva,5,2,-1,gamma_zz,0.9739389140870728,0.9739389140870728,5.214628270670448,6.48752372292199,0.1867705354118852
8,4,hva,6,3,-1,beta_x,-0.8351403186158258,0.8351403186158258,6.233125740174246,7.081858980732996,0.13398419243063103
8,4,hva,7,3,-1,gamma_zz,0.9450604683777786,0.9450604683777786,3.7881332732466357,4.40376414560444,0.249479202606779
8,6,hea,0,0,0,ry,0.01414707383662811,0.01414707383662811,0.13485100877555775,0.15824432093428134,0.10490892107580745
8,6,hea,1,0,0,rz,-0.02137229792056686,0.02137229792056686,0.09640200349062329,0.12256910912989002,0.22169972766847582
8,6,hea,2,0,1,ry,-0.04184302016378684,0.04184302016378684,0.1560484458359251,0.18585058286374773,0.2681412169127389
8,6,hea,3,0,1,rz,-0.04150983990608818,0.04150983990608818,0.10008555174803678,0.15486727479662657,0.4147435786794471
8,6,hea,4,0,2,ry,-0.03228707436928175,0.03228707436928175,0.14471480641175058,0.1669003506822037,0.22310829948814329
8,6,hea,5,0,2,rz,-0.016217635115476338,0.016217635115476338,0.09918949250793095,0.13106784556421058,0.16350154341377895
8,6,hea,6,0,3,ry,-0.021892936590770972,0.021892936590770972,0.135462954399456,0.17100320167915442,0.1616156733612384
8,6,hea,7,0,3,rz,0.007496889424556893,0.007496889424556893,0.1147278565287465,0.16111942776146088,0.06534497942684381
8,6,hea,8,0,4,ry,-0.03395431027044463,0.03395431027044463,0.14164374938253063,0.17953683972497397,0.2397162629375588
8,6,hea,9,0,4,rz,0.03554944901429893,0.03554944901429893,0.10250942436336555,0.12679306913517133,0.3467920070284105
8,6,hea,10,0,5,ry,0.04699307975224286,0.04699307975224286,0.16481177773306646,0.19334366765172079,0.28513180549726136
8,6,hea,11,0,5,rz,0.012255540246759527,0.012255540246759527,0.11602506027187312,0.1703877028525547,0.10562838940175426
8,6,hea,12,0,6,ry,0.020918375939679844,0.020918375939679844,0.11532468200504173,0.14451092440523863,0.18138680788874978
8,6,hea,13,0,6,rz,0.0040496040674925845,0.0040496040674925845,0.09852776929191895,0.14199021184377794,0.04110114434332052
8,6,hea,14,0,7,ry,-0.08540203159598272,0.08540203159598272,0.1776442273132476,0.18831566196285274,0.480747575576375
8,6,hea,15,0,7,rz,-0.033132619747433895,0.033132619747433895,0.09914558022914637,0.1357813336816139,0.33418151036946964
8,6,hea,16,1,0,ry,-0.027372441124143325,0.027372441124143325,0.11296847708352876,0.1399621841712963,0.24230158563529125
8,6,hea,17,1,0,rz,-0.008720877831644252,0.008720877831644252,0.1500360293074413,0.1875202139699749,0.05812522413382521
8,6,hea,18,1,1,ry,-0.02706514672020705,0.02706514672020705,0.17322421128057294,0.2036204050026801,0.1562434403373857
8,6,hea,19,1,1,rz,0.0022651726110922087,0.0022651726110922087,0.09612393182373334,0.1420761398223803,0.023565126479074237
8,6,hea,20,1,2,ry,0.0018871456293391912,0.0018871456293391912,0.13740111009405234,0.16752030423806166,0.013734573381884678
8,6,hea,21,1,2,rz,-0.0056547179800442455,0.0056547179800442455,0.12099396725588159,0.14337827321214147,0.04673553655849168
8,6,hea,22,1,3,ry,-0.028267693819849688,0.028267693819849688,0.14311793090527203,0.18193005707664853,0.19751329299582682
8,6,hea,23,1,3,rz,-0.011356425543981278,0.011356425543981278,0.1550872425001147,0.17271507381583653,0.07322604593974133
8,6,hea,24,1,4,ry,0.003837783333147728,0.003837783333147728,0.1614943575397182,0.20627505133226287,0.023764194561434342
8,6,hea,25,1,4,rz,-0.05654911099137314,0.05654911099137314,0.15603099673898424,0.1878996516082952,0.36242228898896744
8,6,hea,26,1,5,ry,0.040438587814482355,0.040438587814482355,0.1726735629452521,0.20897590779057132,0.2341909619789544
8,6,hea,27,1,5,rz,0.0011275840434629891,0.0011275840434629891,0.169230539112688,0.20851974331399298,0.006663005680742656
8,6,hea,28,1,6,ry,0.02542262466195646,0.02542262466195646,0.14855014728834115,0.17731937407846726,0.17113833359323477
8,6,hea,29,1,6,rz,-0.02961035836806755,0.02961035836806755,0.15302915156906674,0.18712595075366492,0.19349488685300129
8,6,hea,30,1,7,ry,-0.05365163047700793,0.05365163047700793,0.14415647515668456,0.1734625713757811,0.3721763480876823
8,6,hea,31,1,7,rz,0.032987234005402606,0.032987234005402606,0.16114789869002843,0.19244606075072948,0.2047016081100386
8,6,hea,32,2,0,ry,0.0022012206462060564,0.0022012206462060564,0.1462450503416342,0.18533200615957282,0.01505159074487583
8,6,hea,33,2,0,rz,0.03955630619342903,0.03955630619342903,0.15376691818296745,0.181566380353557,0.2572484814084696
8,6,hea,34,2,1,ry,-0.01761033348662594,0.01761033348662594,0.14008681461664302,0.16593280874690922,0.125710142919715
8,6,hea,35,2,1,rz,-0.005262752142168788,0.005262752142168788,0.13390833426394805,0.15861353205723863,0.03930115456290634
8,6,hea,36,2,2,ry,-0.03721317341784466,0.03721317341784466,0.17817732200003594,0.22617817398798076,0.20885471282275161
8,6,hea,37,2,2,rz,0.04876318930700377,0.04876318930700377,0.1380582805045821,0.1538310889897676,0.3532072768745297
8,6,hea,38,2,3,ry,-0.04486819510415494,0.04486819510415494,0.18328669525538208,0.23738796662590073,0.24479788367419525
8,6,hea,39,2,3,rz,-0.041218036009692,0.041218036009692,0.12987992372783932,0.1582215194027742,0.3173549446800047
8,6,hea,40,2,4,ry,-0.049711900290194545,0.049711900290194545,0.185469241821698,0.23594739867678932,0.26803312399360063
8,6,hea,41,2,4,rz,0.011615533080745576,0.011615533080745576,0.1121881139844471,0.13098370138146995,0.1035362184834996
8,6,hea,42,2,5,ry,0.02658523351504225,0.02658523351504225,0.1577068770657724,0.18258475147708778,0.1685737109863293
8,6,hea,43,2,5,rz,0.000815474669853334,0.000815474669853334,0.13493933065570557,0.1674419050857683,0.006043268970512324
8,6,hea,44,2,6,ry,-0.006900739018433146,0.006900739018433146,0.12955209286793806,0.15786024921252242,0.05326613307179469
8,6,hea,45,2,6,rz,0.06497522016343844,0.06497522016343844,0.13405945384739068,0.16566626918232097,0.48467465962828576
8,6,hea,46,2,7,ry,-0.013224056421855514,0.013224056421855514,0.14649664967739928,0.1824913406742396,0.09026866109891359
8,6,hea,47,2,7,rz,0.0401880041710325,0.0401880041710325,0.14345647655173466,0.17775011896030077,0.28014074468460287
8,6,hea,48,3,0,ry,0.007250941745700351,0.007250941745700351,0.12496291710353843,0.15456147501389852,0.05802474777131284
8,6,hea,49,3,0,rz,-0.0014309903716601521,0.0014309903716601521,0.13975422682862987,0.16071888662532852,0.010239335182433217
8,6,hea,50,3,1,ry,0.00340083553234732,0.00340083553234732,0.14766930672437414,0.17942474836663988,0.023030077189263046
8,6,hea,51,3,1,rz,-0.005138321384426603,0.005138321384426603,0.134591912042839,0.1654691492483133,0.03817704426987484
8,6,hea,52,3,2,ry,0.01963890866209496,0.01963890866209496,0.15554122972818638,0.20344258579283805,0.1262617551398719
8,6,hea,53,3,2,rz,-0.011374314220788785,0.011374314220788785,0.12925430092629878,0.16545316902687285,0.08799950283491431
8,6,hea,54,3,3,ry,-0.043503349740224524,0.043503349740224524,0.12536580478060694,0.17296671656764165,0.34701129080897336
8,6,hea,55,3,3,rz,-0.05256075080696492,0.05256075080696492,0.1550926167823877,0.17931465244384415,0.3388991165241167
8,6,hea,56,3,4,ry,-0.01001728662321651,0.01001728662321651,0.11505095098976365,0.13002938684651733,0.08706826442579935
8,6,hea,57,3,4,rz,0.04142879931063283,0.04142879931063283,0.13257783733007197,0.1607471441781458,0.3124866127321827
8,6,hea,58,3,5,ry,-0.012327452203241572,0.012327452203241572,0.11601242277752985,0.14855412768642287,0.10625976001622767
8,6,hea,59,3,5,rz,-0.0006523036668623749,0.0006523036668623749,0.09399914704699391,0.11876202317083975,0.006939463679774194
8,6,hea,60,3,6,ry,0.027719746520451314,0.027719746520451314,0.14742547738949646,0.18096528528640946,0.18802548251016252
8,6,hea,61,3,6,rz,-0.0009442802224408816,0.0009442802224408816,0.10864378800015066,0.1324776712089802,0.008691525211175105
8,6,hea,62,3,7,ry,-0.04466687051251194,0.04466687051251194,0.1222289274957405,0.1370052860779088,0.3654361649705889
8,6,hea,63,3,7,rz,-0.008126062510188712,0.008126062510188712,0.10605575471258875,0.12874462876566703,0.07662066553776621
8,6,hea,64,4,0,ry,0.018006793582741473,0.018006793582741473,0.15344008991616703,0.18589946592290768,0.11735390400630945
8,6,hea,65,4,0,rz,0.0392882196496843,0.0392882196496843,0.07913450335245734,0.09256670540782297,0.49647395238835224
8,6,hea,66,4,1,ry,0.00933201538644159,0.00933201538644159,0.13955010236055848,0.17147196161714165,0.06687215006356786
8,6,hea,67,4,1,rz,-0.011386268503984687,0.011386268503984687,0.11784645281305978,0.1601531932640552,0.09661952678411684
8,6,hea,68,4,2,ry,0.0321370252814852,0.0321370252814852,0.14642684186893432,0.1735408013675482,0.21947496013231385
8,6,hea,69,4,2,rz,-0.04586671142490538,0.04586671142490538,0.09616111996962827,0.12273354412929662,0.47697771655936977
8,6,hea,70,4,3,ry,0.004355948445286779,0.004355948445286779,0.1150937042205525,0.13631503984562307,0.03784697412240288
8,6,hea,71,4,3,rz,-0.017591530003175874,0.017591530003175874,0.10556955279726954,0.12850548361458508,0.16663450338714228
8,6,hea,72,4,4,ry,0.01660794583933087,0.01660794583933087,0.10597873635965964,0.1558869951675803,0.15671017045314062
8,6,hea,73,4,4,rz,0.02691853032268849,0.02691853032268849,0.10616571730125805,0.13107953948359913,0.25355200348059304
8,6,hea,74,4,5,ry,0.004307705454528302,0.004307705454528302,0.13318700399139466,0.16397839331487854,0.03234328669790181
8,6,hea,75,4,5,rz,-0.04943931984764784,0.04943931984764784,0.11879804889802739,0.13206319414898288,0.4161627257875643
8,6,hea,76,4,6,ry,0.0009608761990177451,0.0009608761990177451,0.12210633572661064,0.16018277016607516,0.0078691756107487
8,6,hea,77,4,6,rz,-0.024616217301282297,0.024616217301282297,0.1038420919136789,0.13764828043161006,0.2370543278514155
8,6,hea,78,4,7,ry,0.02251993476012456,0.02251993476012456,0.101656447160853,0.13107160434833237,0.22152982313547318
8,6,hea,79,4,7,rz,0.010519021540325194,0.010519021540325194,0.07994082230365376,0.09925771101611809,0.13158510554681
8,6,hea,80,5,0,ry,0.043873629994519645,0.043873629994519645,0.08757630450518068,0.09690401278707723,0.5009760373243854
8,6,hea,81,5,0,rz,0.017374686950425162,0.017374686950425162,0.08025651268995468,0.10382486456490159,0.21648943329429826
8,6,hea,82,5,1,ry,0.0026340883524905855,0.0026340883524905855,0.06092723421512245,0.07821432674397007,0.04323334854147619
8,6,hea,83,5,1,rz,0.009548327704492416,0.009548327704492416,0.08755184339908616,0.11717508772898654,0.10905912809817514
8,6,hea,84,5,2,ry,0.058029353647908184,0.058029353647908184,0.1090520726943893,0.12639492386163143,0.5321251784964308
8,6,hea,85,5,2,rz,-0.03601079120314516,0.03601079120314516,0.10169033613578103,0.11663406478228142,0.354122058905005
8,6,hea,86,5,3,ry,-0.023565377733311563,0.023565377733311563,0.0949506230711077,0.12005198674744857,0.24818560396031744
8,6,hea,87,5,3,rz,-0.026293004474486355,0.026293004474486355,0.08154085226970009,0.10375790257346024,0.32245192124704214
8,6,hea,88,5,4,ry,-0.04140388469857368,0.04140388469857368,0.0950984567712032,0.1194016180075155,0.4353791439348653
8,6,hea,89,5,4,rz,-0.003006504999284982,0.003006504999284982,0.08235859665586727,0.10366903470595894,0.036505053769280815
8,6,hea,90,5,5,ry,0.011425878019602164,0.011425878019602164,0.08650829367980253,0.11475055419785028,0.13207841160170383
8,6,hea,91,5,5,rz,-0.01108287247463235,0.01108287247463235,0.06648076242984406,0.0861558727080355,0.16670796286862288
8,6,hea,92,5,6,ry,-0.027985356403547452,0.027985356403547452,0.07980663393286083,0.09893801264560931,0.35066453782639706
8,6,hea,93,5,6,rz,-0.00044336836901270237,0.00044336836901270237,0.0704537576900882,0.08627003041488375,0.006293040762466974
8,6,hea,94,5,7,ry,0.013668304783372718,0.013668304783372718,0.10053572799910465,0.1300292455658969,0.13595470043738392
8,6,hea,95,5,7,rz,0.020769103586339162,0.020769103586339162,0.07034773687045753,0.08539781788732746,0.2952348506190656
8,6,hva,0,0,-1,beta_x,1.5814445120086957,1.5814445120086957,4.25899174036804,4.908741019465597,0.3713189901307569
8,6,hva,1,0,-1,gamma_zz,0.3199426570540952,0.3199426570540952,4.525343342831517,5.994662825712028,0.07070019506053794
8,6,hva,2,1,-1,beta_x,1.149555561132225,1.149555561132225,3.515271723463012,4.409924436755846,0.3270175541365431
8,6,hva,3,1,-1,gamma_zz,-0.959906151029611,0.959906151029611,4.149651360320429,5.4062493495875,0.23132212026493917
8,6,hva,4,2,-1,beta_x,1.145619746912851,1.145619746912851,4.830770646202519,6.010588003005658,0.23715051506604343
8,6,hva,5,2,-1,gamma_zz,-0.11552785659729731,0.11552785659729731,3.6313326920292535,4.6700584948112835,0.03181417578479659
8,6,hva,6,3,-1,beta_x,0.6821580232352122,0.6821580232352122,4.351713557234697,5.146146889187299,0.15675618679017342
8,6,hva,7,3,-1,gamma_zz,-0.8232329012797014,0.8232329012797014,3.650445986813979,4.182344706437931,0.22551570527364492
8,6,hva,8,4,-1,beta_x,0.037515476155533474,0.037515476155533474,5.227215650408719,6.484506161142442,0.007176952064834002
8,6,hva,9,4,-1,gamma_zz,-0.4635441950228552,0.4635441950228552,4.017826350706914,5.399325571049857,0.1153718838399517
8,6,hva,10,5,-1,beta_x,-0.15677476585200506,0.15677476585200506,4.85140576102302,5.8748912325163385,0.032315327468907855
8,6,hva,11,5,-1,gamma_zz,-0.2531158309152422,0.2531158309152422,2.8651301752044085,3.627611453325648,0.08834357095037888
8,8,hea,0,0,0,ry,-0.0017552901543738083,0.0017552901543738083,0.14597575040781924,0.19251187683148382,0.012024532495773857
8,8,hea,1,0,0,rz,-0.010668813901099531,0.010668813901099531,0.1076019470916444,0.1418044652209832,0.09915075135222991
8,8,hea,2,0,1,ry,0.012581710939541605,0.012581710939541605,0.15878170793727608,0.18650936142914157,0.07923904524639393
8,8,hea,3,0,1,rz,0.050916311412177236,0.050916311412177236,0.10809905630594242,0.1404409281264676,0.47101531828430765
8,8,hea,4,0,2,ry,0.030427721165873955,0.030427721165873955,0.13700590843785312,0.16955217999599054,0.22209057633215845
8,8,hea,5,0,2,rz,0.007198097488954066,0.007198097488954066,0.07716307698440714,0.1115167986952453,0.09328422051402306
8,8,hea,6,0,3,ry,0.06324192341059838,0.06324192341059838,0.1630392411367932,0.19066682906571136,0.3878938773858543
8,8,hea,7,0,3,rz,0.003146475308658116,0.003146475308658116,0.07043318635952772,0.105834058602259,0.04467319272759889
8,8,hea,8,0,4,ry,-0.011984012725513242,0.011984012725513242,0.15206621412804863,0.17723107349781952,0.07880785876224895
8,8,hea,9,0,4,rz,0.008263533067110678,0.008263533067110678,0.0734460293750894,0.10082440222991944,0.11251163796627647
8,8,hea,10,0,5,ry,0.015160006238232427,0.015160006238232427,0.15561617384988924,0.18499423636430493,0.09741921975832668
8,8,hea,11,0,5,rz,-0.03350124640208985,0.03350124640208985,0.07869911338943285,0.10280949100263125,0.42568772326967197
8,8,hea,12,0,6,ry,-0.0034730507881582163,0.0034730507881582163,0.10638458628891284,0.1297256311652231,0.03264618408841937
8,8,hea,13,0,6,rz,-0.022220268762900487,0.022220268762900487,0.10666469766614552,0.14041977404287598,0.20831886508925818
8,8,hea,14,0,7,ry,0.03463789545166554,0.03463789545166554,0.1374801140624348,0.1684671980078368,0.2519484049593888
8,8,hea,15,0,7,rz,0.02482094903763687,0.02482094903763687,0.1115925428942441,0.1542033340158889,0.22242480002592452
8,8,hea,16,1,0,ry,-0.02596775078440555,0.02596775078440555,0.1379342773464837,0.18361538470580405,0.18826176700933972
8,8,hea,17,1,0,rz,-0.06082183754726254,0.06082183754726254,0.16600991952283498,0.19214126487484479,0.3663747185835845
8,8,hea,18,1,1,ry,-0.00045261992029638394,0.00045261992029638394,0.14453290894313475,0.17291545065459646,0.0031316045847694127
8,8,hea,19,1,1,rz,-0.014886465721568275,0.014886465721568275,0.1169762687246216,0.15138244638220963,0.1272605621967047
8,8,hea,20,1,2,ry,-0.039327384498889804,0.039327384498889804,0.1273539443935298,0.16293247940224487,0.3088038198280376
8,8,hea,21,1,2,rz,-0.042905512155555194,0.042905512155555194,0.12599531690571758,0.16541968501284698,0.3405325944587376
8,8,hea,22,1,3,ry,-0.008806148895253753,0.008806148895253753,0.09742889791270917,0.11861907402621906,0.09038538959091458
8,8,hea,23,1,3,rz,-0.04862995050351036,0.04862995050351036,0.1704252618721166,0.21223051044395383,0.2853447309941699
8,8,hea,24,1,4,ry,0.01611813099910858,0.01611813099910858,0.13375588639160158,0.16615970077105346,0.12050408721391796
8,8,hea,25,1,4,rz,-0.015096265189697415,0.015096265189697415,0.13063826064614015,0.17418355584257555,0.11555776320834944
8,8,hea,26,1,5,ry,-0.02179879780017512,0.02179879780017512,0.10003712350492831,0.12386024172489836,0.21790708325495772
8,8,hea,27,1,5,rz,-0.07331343768703932,0.07331343768703932,0.14436248798139936,0.17231089612205577,0.5078427139360816
8,8,hea,28,1,6,ry,0.017432092645561247,0.017432092645561247,0.14563045883336648,0.17165618281109393,0.11970087016966213
8,8,hea,29,1,6,rz,0.044951773080088235,0.044951773080088235,0.14907698391933014,0.1765497451234934,0.3015339584842462
8,8,hea,30,1,7,ry,0.00012421862458855405,0.00012421862458855405,0.14168551522337375,0.17894361200589257,0.0008767207035434553
8,8,hea,31,1,7,rz,0.04007175162386833,0.04007175162386833,0.13127394168667028,0.1575599740890823,0.30525290174886976
8,8,hea,32,2,0,ry,0.02931297795651237,0.02931297795651237,0.14358573472971456,0.16732100200679528,0.20414965324856849
8,8,hea,33,2,0,rz,0.00489853351291629,0.00489853351291629,0.14640238745658088,0.1793896091858259,0.03345938271921306
8,8,hea,34,2,1,ry,0.014793401360394946,0.014793401360394946,0.12840745349316934,0.16568444213523612,0.11520671859738865
8,8,hea,35,2,1,rz,0.02886825259912542,0.02886825259912542,0.12815142882088965,0.15043677836749925,0.2252667244114211
8,8,hea,36,2,2,ry,0.009674332054834102,0.009674332054834102,0.0945820777244554,0.12637307011389698,0.10228504477368419
8,8,hea,37,2,2,rz,0.0004303873193122786,0.0004303873193122786,0.13941048508433423,0.18007904049015558,0.003087194761942901
8,8,hea,38,2,3,ry,-0.04890464909854651,0.04890464909854651,0.15031745698087692,0.17116606103676227,0.32534244578637156
8,8,hea,39,2,3,rz,0.07674915781242526,0.07674915781242526,0.12629633683166658,0.12645843302382975,0.6076910838254903
8,8,hea,40,2,4,ry,-0.04463278028621439,0.04463278028621439,0.1538823792495589,0.19053933244263646,0.2900447764316852
8,8,hea,41,2,4,rz,0.04001681082212234,0.04001681082212234,0.1234374531643822,0.14778262557052568,0.32418694485563837
8,8,hea,42,2,5,ry,-0.05295484325171567,0.05295484325171567,0.15546422544663488,0.18167588069811727,0.340623980208828
8,8,hea,43,2,5,rz,-0.010549101182833661,0.010549101182833661,0.12795996909241392,0.15555107861080555,0.08244063559608175
8,8,hea,44,2,6,ry,0.004007703152363603,0.004007703152363603,0.11433959263261664,0.13756469608020655,0.035050878353578514
8,8,hea,45,2,6,rz,0.02272323332264298,0.02272323332264298,0.14009709043367202,0.16300247076543872,0.16219632579308257
8,8,hea,46,2,7,ry,-0.010147707880767189,0.010147707880767189,0.146116207832812,0.17670869591640886,0.06944957052525107
8,8,hea,47,2,7,rz,-0.025772295688926403,0.025772295688926403,0.14081373328429217,0.17279251173169183,0.18302402107963378
8,8,hea,48,3,0,ry,-0.018944267977568107,0.018944267977568107,0.15145221747749552,0.17236023914065882,0.12508412417522335
8,8,hea,49,3,0,rz,-0.012994141841021548,0.012994141841021548,0.11472591820555915,0.13997476682398388,0.11326247847273095
8,8,hea,50,3,1,ry,0.0015026768146776818,0.0015026768146776818,0.12356472928955946,0.15472351836301687,0.012161049705019971
8,8,hea,51,3,1,rz,-0.03556409312471225,0.03556409312471225,0.112396974839243,0.1290897371975046,0.31641503853264613
8,8,hea,52,3,2,ry,0.053850948487805576,0.053850948487805576,0.13940504803843137,0.15669654129873029,0.38629123726537856
8,8,hea,53,3,2,rz,0.03726892615945591,0.03726892615945591,0.15267125583318686,0.18626294463618664,0.24411226563942592
8,8,hea,54,3,3,ry,0.02573584555614727,0.02573584555614727,0.1184430106459591,0.15412818981748744,0.21728462841150417
8,8,hea,55,3,3,rz,-0.026076202403399522,0.026076202403399522,0.12996826919795718,0.1483808336174854,0.20063514398027532
8,8,hea,56,3,4,ry,0.014874260102737192,0.014874260102737192,0.14813827905701973,0.17492608899535964,0.10040794450576719
8,8,hea,57,3,4,rz,-0.028984687664296953,0.028984687664296953,0.10526798433116967,0.13563286206154965,0.27534190806876085
8,8,hea,58,3,5,ry,-0.002165623476446165,0.002165623476446165,0.14494462789179632,0.1816383556842655,0.014941039953980394
8,8,hea,59,3,5,rz,-0.029721317783840927,0.029721317783840927,0.15795400098617426,0.19564716547092084,0.18816438708913902
8,8,hea,60,3,6,ry,0.01858036975259206,0.01858036975259206,0.12427998331442006,0.1608329605018959,0.1495041217183367
8,8,hea,61,3,6,rz,0.012366545563113084,0.012366545563113084,0.11774579441437197,0.14241107196417202,0.10502749269831693
8,8,hea,62,3,7,ry,-0.024542205273926684,0.024542205273926684,0.14550146777849698,0.19082257111969883,0.1686732487900957
8,8,hea,63,3,7,rz,0.05476788347602989,0.05476788347602989,0.1297158964656248,0.14976562256567477,0.42221412308200146
8,8,hea,64,4,0,ry,-0.012471860948550875,0.012471860948550875,0.13378962227930577,0.16753790336352015,0.09321994289298398
8,8,hea,65,4,0,rz,-0.01589588648408426,0.01589588648408426,0.09807638202638143,0.13405800506662732,0.16207659943867309
8,8,hea,66,4,1,ry,0.011481130198584098,0.011481130198584098,0.12894172383114164,0.14997985515755893,0.08904123395790307
8,8,hea,67,4,1,rz,-0.019052854429543634,0.019052854429543634,0.10510924200085614,0.12877767152185618,0.18126716611074278
8,8,hea,68,4,2,ry,0.017376873053779763,0.017376873053779763,0.10955519146464952,0.13154919908561727,0.15861295865095218
8,8,hea,69,4,2,rz,0.012695655711207284,0.012695655711207284,0.1237607806815336,0.15289179770505978,0.10258222064610414
8,8,hea,70,4,3,ry,0.05332752746447147,0.05332752746447147,0.13764076737263473,0.15523731219367295,0.3874399168387191
8,8,hea,71,4,3,rz,0.0425723373804578,0.0425723373804578,0.10956360806514862,0.14581908073595534,0.3885627548441366
8,8,hea,72,4,4,ry,-0.03378516832753186,0.03378516832753186,0.15208406144761502,0.1927308351049699,0.22214798846076883
8,8,hea,73,4,4,rz,0.011670133233560235,0.011670133233560235,0.11485236667554795,0.14262359881075973,0.10160986291669254
8,8,hea,74,4,5,ry,0.02297314050954359,0.02297314050954359,0.12283346928165519,0.15703828452365864,0.18702671709830454
8,8,hea,75,4,5,rz,0.021520893911972087,0.021520893911972087,0.1263989700648781,0.17243487418206094,0.17026162397467057
8,8,hea,76,4,6,ry,-0.004473413369716865,0.004473413369716865,0.1547215084675962,0.1989511470078998,0.028912679394240245
8,8,hea,77,4,6,rz,-0.04258164954157003,0.04258164954157003,0.13423958200783284,0.16026934939136553,0.3172063627185988
8,8,hea,78,4,7,ry,-0.004188598753831994,0.004188598753831994,0.15138116879902433,0.18228730329565665,0.027669219276492747
8,8,hea,79,4,7,rz,0.05028068383945565,0.05028068383945565,0.12240036348607276,0.13821921961323125,0.410788680747475
8,8,hea,80,5,0,ry,-0.005310130251235103,0.005310130251235103,0.112750473904054,0.14419304446650916,0.047096300949952166
8,8,hea,81,5,0,rz,0.025305001041260662,0.025305001041260662,0.14255744209862956,0.168062072348812,0.17750740100788992
8,8,hea,82,5,1,ry,0.025533422564899263,0.025533422564899263,0.11064890432055843,0.13340198859549016,0.23076073569537328
8,8,hea,83,5,1,rz,-0.015284855248978576,0.015284855248978576,0.12979707767444068,0.16124417848757305,0.11775962543098391
8,8,hea,84,5,2,ry,-0.02780221807992311,0.02780221807992311,0.13285440813665167,0.15762923704027867,0.20926831461494327
8,8,hea,85,5,2,rz,0.03382774996844108,0.03382774996844108,0.12683598226065207,0.1628336439166838,0.2667046792677782
8,8,hea,86,5,3,ry,-0.02717248083365137,0.02717248083365137,0.11339558691554669,0.1502130285191535,0.23962555839045396
8,8,hea,87,5,3,rz,0.016736032848264693,0.016736032848264693,0.12124266894306061,0.16393145259393294,0.13803748296009818
8,8,hea,88,5,4,ry,-0.014882398728021655,0.014882398728021655,0.09864200003902027,0.1218667781069975,0.15087284039389312
8,8,hea,89,5,4,rz,0.034987517554353094,0.034987517554353094,0.13421957995239975,0.15654733893163664,0.26067372261752697
8,8,hea,90,5,5,ry,0.011721349259287311,0.011721349259287311,0.13948787719568548,0.18162084452927876,0.08403131150131075
8,8,hea,91,5,5,rz,-0.002554768822688878,0.002554768822688878,0.13764714477181234,0.1576495460451404,0.018560274729447424
8,8,hea,92,5,6,ry,-0.014117536880424766,0.014117536880424766,0.1764334075423767,0.2194910007168609,0.08001623432361506
8,8,hea,93,5,6,rz,0.0175691891723724,0.0175691891723724,0.10198234467813433,0.1210710859791135,0.17227677229644217
8,8,hea,94,5,7,ry,0.013841025708272637,0.013841025708272637,0.1137674789827516,0.14369020167434748,0.12166065234135115
8,8,hea,95,5,7,rz,0.04135248874697199,0.04135248874697199,0.11261067067700938,0.129137176184981,0.36721643249580754
8,8,hea,96,6,0,ry,0.02877028347299226,0.02877028347299226,0.11103693629805568,0.14651486075557527,0.2591055231906267
8,8,hea,97,6,0,rz,-0.0225208383698823,0.0225208383698823,0.0821196078580335,0.09912713375266914,0.27424434866780584
8,8,hea,98,6,1,ry,-0.000757171653280659,0.000757171653280659,0.12207254548763721,0.15101421572219934,0.006202636721107243
8,8,hea,99,6,1,rz,0.03123086331489836,0.03123086331489836,0.08288313235167485,0.10132763894951023,0.37680602106571914
8,8,hea,100,6,2,ry,0.001083302362771051,0.001083302362771051,0.12184043819176127,0.16303572167740968,0.008891156161684701
8,8,hea,101,6,2,rz,0.007234632604099563,0.007234632604099563,0.09000005279498262,0.11040791249071347,0.08038475955763888
8,8,hea,102,6,3,ry,-0.025465559618011845,0.025465559618011845,0.14479901064887238,0.17547476549480365,0.17586832606034786
8,8,hea,103,6,3,rz,0.005853362730070981,0.005853362730070981,0.0790437642923901,0.10015720551824905,0.07405217581008394
8,8,hea,104,6,4,ry,-0.01271658308661053,0.01271658308661053,0.10442463102945695,0.1500099773925889,0.12177762048326711
8,8,hea,105,6,4,rz,-0.012907265020821372,0.012907265020821372,0.09011859499005602,0.11620658353188351,0.1432253246097041
8,8,hea,106,6,5,ry,-0.01192127250618587,0.01192127250618587,0.1316901294028092,0.15679206416994662,0.09052517876811712
8,8,hea,107,6,5,rz,0.0004794716558728309,0.0004794716558728309,0.07369370637458253,0.08628564471140307,0.006506276851318711
8,8,hea,108,6,6,ry,0.005051016242044071,0.005051016242044071,0.0955313698396391,0.11355678770315321,0.0528728547546503
8,8,hea,109,6,6,rz,-0.022248970743194305,0.022248970743194305,0.08761981665719527,0.1061589255072711,0.25392624171129197
8,8,hea,110,6,7,ry,0.01772724432789897,0.01772724432789897,0.11492675611351924,0.14199855091276964,0.15424819186916475
8,8,hea,111,6,7,rz,0.025438990953792463,0.025438990953792463,0.0771467998006964,0.09378296252385349,0.3297478446223572
8,8,hea,112,7,0,ry,0.012554780175439406,0.012554780175439406,0.06934413056807796,0.08458957313971573,0.18105036536745794
8,8,hea,113,7,0,rz,0.0029892123553530428,0.0029892123553530428,0.06885260209475359,0.08477783968177825,0.04341466065783983
8,8,hea,114,7,1,ry,-0.031311110188410776,0.031311110188410776,0.06897942292926582,0.0976761747035477,0.4539195728053271
8,8,hea,115,7,1,rz,0.019656786051705337,0.019656786051705337,0.09324722567590503,0.12020632677104608,0.21080290495746531
8,8,hea,116,7,2,ry,-0.00913513103831405,0.00913513103831405,0.08381788933692387,0.09977939932229063,0.10898784389085883
8,8,hea,117,7,2,rz,0.008172071148779849,0.008172071148779849,0.06523103249462991,0.08735368464881954,0.12527888699987205
8,8,hea,118,7,3,ry,-0.015626644135817283,0.015626644135817283,0.06773144466607928,0.07815883169196865,0.23071476199655114
8,8,hea,119,7,3,rz,0.00827426771257361,0.00827426771257361,0.06613970384147878,0.08632550938874868,0.1251028842282836
8,8,hea,120,7,4,ry,0.012545559218632174,0.012545559218632174,0.11794678244089445,0.1490726644429761,0.10636626925299048
8,8,hea,121,7,4,rz,0.001638435545465929,0.001638435545465929,0.0727516162412883,0.09131794307996995,0.0225209504628992
8,8,hea,122,7,5,ry,-0.027534925839780348,0.027534925839780348,0.09073745791948776,0.10213156045457092,0.30345709997972453
8,8,hea,123,7,5,rz,-0.013809781898977492,0.013809781898977492,0.06534170005818023,0.08137837527394973,0.21134714717678077
8,8,hea,124,7,6,ry,0.019583830347618257,0.019583830347618257,0.11327233431773051,0.13500888598218433,0.17289155790402588
8,8,hea,125,7,6,rz,-0.004207741396935352,0.004207741396935352,0.07846527773200597,0.08907142086836192,0.05362552097638165
8,8,hea,126,7,7,ry,0.00838809627165406,0.00838809627165406,0.08515766734049858,0.10448455347559846,0.09850077548642316
8,8,hea,127,7,7,rz,-0.0016860848031509121,0.0016860848031509121,0.053180057324750306,0.0657301418060446,0.03170520845539154
8,8,hva,0,0,-1,beta_x,0.049118462267979265,0.049118462267979265,6.042401226878842,7.606695448471291,0.008128964036595604
8,8,hva,1,0,-1,gamma_zz,-0.656855148415634,0.656855148415634,3.584901891483759,4.746199239525673,0.18322820771638113
8,8,hva,2,1,-1,beta_x,-0.7829122637420525,0.7829122637420525,5.396355778418312,6.553925627347153,0.14508166175276277
8,8,hva,3,1,-1,gamma_zz,-0.8755341951618972,0.8755341951618972,4.749101548254529,5.472330251756879,0.18435785932682117
8,8,hva,4,2,-1,beta_x,0.15164665615794332,0.15164665615794332,4.6637281114159315,6.3688618809440145,0.03251618716510097
8,8,hva,5,2,-1,gamma_zz,-0.8744637296852671,0.8744637296852671,4.470714325543653,5.529332021131816,0.19559821227873456
8,8,hva,6,3,-1,beta_x,-0.13222097053659315,0.13222097053659315,4.810242653642454,6.0250563704967846,0.027487380587021243
8,8,hva,7,3,-1,gamma_zz,-0.110197768720908,0.110197768720908,4.094967235988335,5.681683117174436,0.026910537342629395
8,8,hva,8,4,-1,beta_x,-0.6490692448458264,0.6490692448458264,4.807657350452107,5.655173713420651,0.13500738458093076
8,8,hva,9,4,-1,gamma_zz,-0.576979761684008,0.576979761684008,3.924877853157167,4.767801207066326,0.14700578801959047
8,8,hva,10,5,-1,beta_x,0.3703210406327123,0.3703210406327123,4.7831927388207225,5.962508150606362,0.0774213084969713
8,8,hva,11,5,-1,gamma_zz,1.3822203989197663,1.3822203989197663,4.559142980834901,5.579442429304299,0.3031754881849844
8,8,hva,12,6,-1,beta_x,-1.6890985829289458,1.6890985829289458,4.237692052615483,4.859766831838942,0.3985892702813179
8,8,hva,13,6,-1,gamma_zz,0.9304147366025888,0.9304147366025888,3.9457572790364592,5.2003711898557965,0.23580131032028223
8,8,hva,14,7,-1,beta_x,-0.3804117317704932,0.3804117317704932,4.920022541027903,6.0185872649612095,0.0773191034387043
8,8,hva,15,7,-1,gamma_zz,1.6227590112253183,1.6227590112253183,3.383253987961122,4.122079875239096,0.479644453830454
10,4,hea,0,0,0,ry,-0.010868502196278081,0.010868502196278081,0.1725972078693685,0.22966208735725369,0.06297032455185443
10,4,hea,1,0,0,rz,0.012810962354816642,0.012810962354816642,0.07682563032597339,0.10389151512659654,0.16675375523063315
10,4,hea,2,0,1,ry,0.033170485528485234,0.033170485528485234,0.1561077316558053,0.18801560183602647,0.2124845782886724
10,4,hea,3,0,1,rz,0.013775506787695084,0.013775506787695084,0.10577463093160827,0.14601232727201505,0.1302345058202275
10,4,hea,4,0,2,ry,-0.06747748152877768,0.06747748152877768,0.1414768837725045,0.1934552970559158,0.47695057828161747
10,4,hea,5,0,2,rz,0.008030831856975685,0.008030831856975685,0.07111376562080549,0.09881951580765454,0.11292935744392675
10,4,hea,6,0,3,ry,0.04037085756784786,0.04037085756784786,0.1327901237611027,0.1812986081456516,0.30402003119205706
10,4,hea,7,0,3,rz,0.011810670565609091,0.011810670565609091,0.10242352846212069,0.13975581577439897,0.11531208446872555
10,4,hea,8,0,4,ry,-0.03554017162558987,0.03554017162558987,0.13632894652317692,0.17466152117428366,0.26069424382698886
10,4,hea,9,0,4,rz,0.04341461250588461,0.04341461250588461,0.11880903067248778,0.14897289530471772,0.36541508890483376
10,4,hea,10,0,5,ry,0.005503738011600438,0.005503738011600438,0.17626399312357516,0.2591064121653164,0.031224403317255192
10,4,hea,11,0,5,rz,-0.07203100334321196,0.07203100334321196,0.11192714055670584,0.16300878921834927,0.6435526091789875
10,4,hea,12,0,6,ry,0.024043377465859956,0.024043377465859956,0.14649617308938562,0.22395111122386566,0.16412290477505898
10,4,hea,13,0,6,rz,0.014445464340030667,0.014445464340030667,0.12055457264517776,0.16801700801797215,0.11982510512104057
10,4,hea,14,0,7,ry,0.03418990791231461,0.03418990791231461,0.15613598859421796,0.19833427529160785,0.2189751909226424
10,4,hea,15,0,7,rz,0.03689348469228393,0.03689348469228393,0.1543045960065926,0.20854349585372534,0.23909517698816588
10,4,hea,16,0,8,ry,-0.011672439287858126,0.011672439287858126,0.0981504896994098,0.1233379524936712,0.11892390270904778
10,4,hea,17,0,8,rz,0.01915605120389226,0.01915605120389226,0.11081728706849671,0.15024323008970547,0.1728615788261595
10,4,hea,18,0,9,ry,0.05564091934598638,0.05564091934598638,0.16061640371119573,0.19448828778106125,0.34642115039528554
10,4,hea,19,0,9,rz,0.027612641671909504,0.027612641671909504,0.11284235732664759,0.1519869277673314,0.24470103537431653
10,4,hea,20,1,0,ry,-0.012833413288599207,0.012833413288599207,0.12391460219666665,0.14771248091931904,0.10356659393725856
10,4,hea,21,1,0,rz,-0.0041909913950694665,0.0041909913950694665,0.10125232719902028,0.1323104041648728,0.041391556233879606
10,4,hea,22,1,1,ry,0.03156176589208282,0.03156176589208282,0.12136326176598343,0.15499535442350476,0.26006029693681915
10,4,hea,23,1,1,rz,-0.03958527278232999,0.03958527278232999,0.11308260611003214,0.14323026732124478,0.3500562477646845
10,4,hea,24,1,2,ry,0.017731660851387533,0.017731660851387533,0.14066844544451057,0.1884029198269984,0.1260528670474432
10,4,hea,25,1,2,rz,-0.05823342270292402,0.05823342270292402,0.14160734263558447,0.1811649697117834,0.4112316608665047
10,4,hea,26,1,3,ry,-0.02855280954709988,0.02855280954709988,0.1813236142167559,0.21766567147595,0.1574687867900506
10,4,hea,27,1,3,rz,0.01196106349483553,0.01196106349483553,0.2091636966513232,0.27578461381119923,0.057185179294161254
10,4,hea,28,1,4,ry,-0.04355378464283909,0.04355378464283909,0.16842917679525501,0.24374678937280528,0.25858812274421705
10,4,hea,29,1,4,rz,0.0578374477612519,0.0578374477612519,0.1703066584406097,0.22138748514488188,0.33960767177767726
10,4,hea,30,1,5,ry,0.09177551105147398,0.09177551105147398,0.15799660329739937,0.1833063489314211,0.5808701524976647
10,4,hea,31,1,5,rz,0.02667207653695218,0.02667207653695218,0.13440405747978196,0.1590400417694746,0.19844695939305396
10,4,hea,32,1,6,ry,-0.05728246880152335,0.05728246880152335,0.17002674558958086,0.20682150025373705,0.33690269494303166
10,4,hea,33,1,6,rz,-0.03976089422941963,0.03976089422941963,0.14276877371449295,0.18062413719734388,0.2784985343428994
10,4,hea,34,1,7,ry,-0.05817465749584637,0.05817465749584637,0.11632512702571145,0.13456925604001277,0.5001039670731455
10,4,hea,35,1,7,rz,-0.01529825730141059,0.01529825730141059,0.1154226350020398,0.13921809369364524,0.13254122383482322
10,4,hea,36,1,8,ry,-0.027128364802439978,0.027128364802439978,0.12230083165912123,0.1578085976735138,0.22181668296461265
10,4,hea,37,1,8,rz,-0.010076718963004066,0.010076718963004066,0.08982293097927373,0.1130692323071875,0.11218425911006083
10,4,hea,38,1,9,ry,0.02928253379398108,0.02928253379398108,0.12066316404175043,0.15207152219937287,0.24267997633352995
10,4,hea,39,1,9,rz,-0.022027012042351683,0.022027012042351683,0.15541451022482652,0.24951982378030424,0.14173073035771702
10,4,hea,40,2,0,ry,-0.023562532529088052,0.023562532529088052,0.09275655639571014,0.114512474588031,0.2540255206172955
10,4,hea,41,2,0,rz,-0.009694874784033818,0.009694874784033818,0.06987632022052587,0.10187399676766797,0.1387433504431427
10,4,hea,42,2,1,ry,-0.015337273553953801,0.015337273553953801,0.13309514300507622,0.16482102558759923,0.11523541135808935
10,4,hea,43,2,1,rz,0.041349273899915266,0.041349273899915266,0.10194695247664783,0.11893375054651753,0.40559597805914216
10,4,hea,44,2,2,ry,-0.02235926630569932,0.02235926630569932,0.1026055634089524,0.1274232500435675,0.21791475591418313
10,4,hea,45,2,2,rz,0.07597262615670948,0.07597262615670948,0.14451118516171707,0.17629019506775442,0.5257214247581654
10,4,hea,46,2,3,ry,0.006245537908544027,0.006245537908544027,0.1334505525077619,0.1996627796535776,0.04680039004095334
10,4,hea,47,2,3,rz,-0.015625908194176405,0.015625908194176405,0.15506755178028495,0.19872539145808324,0.10076839425643759
10,4,hea,48,2,4,ry,-0.022744586886671227,0.022744586886671227,0.15280334913759125,0.19651816372064237,0.14884874588835612
10,4,hea,49,2,4,rz,-0.0056407228979904085,0.0056407228979904085,0.1526644916088265,0.20838110853734168,0.03694849298973623
10,4,hea,50,2,5,ry,0.018242532022614086,0.018242532022614086,0.1594331449800552,0.21379163664285805,0.1144212015945372
10,4,hea,51,2,5,rz,0.0854533425999054,0.0854533425999054,0.13602425225651885,0.15173491684517507,0.628221373632359
10,4,hea,52,2,6,ry,-0.04257629125041503,0.04257629125041503,0.14375032645784172,0.18827176399684328,0.29618222302195096
10,4,hea,53,2,6,rz,-0.001640531775533982,0.001640531775533982,0.14947553957434537,0.2287234639648424,0.01097525240722086
10,4,hea,54,2,7,ry,-0.015211416334353939,0.015211416334353939,0.12462423723496176,0.16390516245290854,0.12205825023967685
10,4,hea,55,2,7,rz,-0.04904543216883977,0.04904543216883977,0.12029791335330434,0.13771388503199408,0.4076997746818539
10,4,hea,56,2,8,ry,-0.037138728750211875,0.037138728750211875,0.1042254404381275,0.13991574425167555,0.3563307441455102
10,4,hea,57,2,8,rz,0.026031168942439644,0.026031168942439644,0.16496898181850872,0.2156518894780818,0.15779432385099995
10,4,hea,58,2,9,ry,0.021473387363773466,0.021473387363773466,0.1271827720832054,0.19147425276017674,0.16883880585434166
10,4,hea,59,2,9,rz,-0.02526045388856888,0.02526045388856888,0.08989793936508311,0.11074966283898895,0.2809903549177447
10,4,hea,60,3,0,ry,0.024673944538935472,0.024673944538935472,0.05876596578774392,0.07844276880845329,0.4198679321982825
10,4,hea,61,3,0,rz,-0.016317586783761617,0.016317586783761617,0.05885845680312027,0.07459645264380504,0.2772343630813014
10,4,hea,62,3,1,ry,-0.021466562194792534,0.021466562194792534,0.055323094191855104,0.07418861387595717,0.38802172055576284
10,4,hea,63,3,1,rz,-0.03508009995740128,0.03508009995740128,0.10492979047766947,0.14860313423718982,0.3343197370137367
10,4,hea,64,3,2,ry,0.031140615608465365,0.031140615608465365,0.10713557106269264,0.13263153722586143,0.2906655119264029
10,4,hea,65,3,2,rz,-0.026337129247039574,0.026337129247039574,0.17870371869180082,0.2737415470961635,0.1473787419749302
10,4,hea,66,3,3,ry,0.0015138766687414317,0.0015138766687414317,0.15359964452240193,0.1951255047514666,0.009855990705242998
10,4,hea,67,3,3,rz,0.03890861014189192,0.03890861014189192,0.12236030193755881,0.17648377183476038,0.3179839337250646
10,4,hea,68,3,4,ry,-0.02005649658583024,0.02005649658583024,0.11510662500936314,0.14728680274665973,0.17424276477742792
10,4,hea,69,3,4,rz,-0.01263848852101235,0.01263848852101235,0.12243143898641809,0.1736100613817269,0.10322911031384917
10,4,hea,70,3,5,ry,0.017382626512380442,0.017382626512380442,0.16013832979545406,0.21050232302907054,0.10854756968293161
10,4,hea,71,3,5,rz,0.029066674612948026,0.029066674612948026,0.09609026591126803,0.1287799648118464,0.3024934350768533
10,4,hea,72,3,6,ry,-0.0056526698989092855,0.0056526698989092855,0.08036097177246974,0.11483068739978378,0.07034098486158079
10,4,hea,73,3,6,rz,0.008795556806715777,0.008795556806715777,0.13843275834583813,0.1648943522566033,0.0635366723296975
10,4,hea,74,3,7,ry,0.0018523188816098166,0.0018523188816098166,0.10482910082354521,0.14539483599548667,0.01766989191987572
10,4,hea,75,3,7,rz,-0.019312874904564792,0.019312874904564792,0.10490321633900208,0.13403132020874514,0.18410183766104654
10,4,hea,76,3,8,ry,-0.016346323740401927,0.016346323740401927,0.07088441151404043,0.08976349099344103,0.2306053389067623
10,4,hea,77,3,8,rz,0.01696245256338978,0.01696245256338978,0.07312047994352727,0.08911898777862644,0.23197950254826094
10,4,hea,78,3,9,ry,-0.04097873111810501,0.04097873111810501,0.08085378295413802,0.099032391693727,0.5068251554951796
10,4,hea,79,3,9,rz,-0.003998898543055552,0.003998898543055552,0.07541822973257935,0.10139733885697194,0.05302297013911538
10,4,hva,0,0,-1,beta_x,-0.15654252258171877,0.15654252258171877,8.88381070222562,10.39018062305798,0.01762110065475628
10,4,hva,1,0,-1,gamma_zz,-0.1445506739299513,0.1445506739299513,6.474335103983376,8.256296913817575,0.02232672106221619
10,4,hva,2,1,-1,beta_x,-1.0789300205445627,1.0789300205445627,7.707241312844281,9.50744422455086,0.13998913187608422
10,4,hva,3,1,-1,gamma_zz,-0.014341443594449095,0.014341443594449095,7.024939260355613,8.665247056682748,0.0020415042839421085
10,4,hva,4,2,-1,beta_x,2.2480833450343645,2.2480833450343645,7.775016520305083,9.155653674617918,0.28914193804776017
10,4,hva,5,2,-1,gamma_zz,1.3713144667829946,1.3713144667829946,7.274086603364554,8.965387487475711,0.18852050319949545
10,4,hva,6,3,-1,beta_x,-0.7770306209491555,0.7770306209491555,8.367570849548514,9.516367054409484,0.09286215018915332
10,4,hva,7,3,-1,gamma_zz,1.3433515330043186,1.3433515330043186,5.311257438475233,6.133103476253014,0.25292532861859746
10,6,hea,0,0,0,ry,-0.014491004393814342,0.014491004393814342,0.07826743785553442,0.09225801048075712,0.18514729485027437
10,6,hea,1,0,0,rz,0.037104358250653356,0.037104358250653356,0.05472350116403627,0.06722494529325745,0.678033339632832
10,6,hea,2,0,1,ry,-0.0012514794874776117,0.0012514794874776117,0.08225513921153248,0.10200969749787146,0.01521460542737899
10,6,hea,3,0,1,rz,-0.01462233024779499,0.01462233024779499,0.06952467015265308,0.10054598850386719,0.2103185849812592
10,6,hea,4,0,2,ry,0.03729026873097999,0.03729026873097999,0.1023400870323564,0.12683003092613448,0.3643759724299407
10,6,hea,5,0,2,rz,-0.008694349469504785,0.008694349469504785,0.07370552617877119,0.10417192206268636,0.11796061869793463
10,6,hea,6,0,3,ry,0.024043507722190098,0.024043507722190098,0.09669754231449418,0.11987360568191562,0.2486465234451561
10,6,hea,7,0,3,rz,-0.02325814830809134,0.02325814830809134,0.04684371775770661,0.06769464882861549,0.49650517553689405
10,6,hea,8,0,4,ry,-0.02973661928155019,0.02973661928155019,0.09049806460016886,0.10994408822727493,0.32858845559769434
10,6,hea,9,0,4,rz,-0.03304784880891938,0.03304784880891938,0.057222432543059656,0.08784015024765088,0.5775330991748808
10,6,hea,10,0,5,ry,0.0054905427348562194,0.0054905427348562194,0.09773408146050634,0.116612708292281,0.05617838376139907
10,6,hea,11,0,5,rz,-0.022384973999976028,0.022384973999976028,0.07637326495735895,0.12331374508266271,0.2930996077288801
10,6,hea,12,0,6,ry,-0.020326486517441737,0.020326486517441737,0.09211996798738523,0.11703415948117712,0.22065234022036345
10,6,hea,13,0,6,rz,0.004067093148699404,0.004067093148699404,0.09820592294313449,0.13101846050505886,0.041413929290745395
10,6,hea,14,0,7,ry,-0.03318800712192615,0.03318800712192615,0.09180745614929312,0.11958019236185106,0.3614957707569738
10,6,hea,15,0,7,rz,-0.00764858361972784,0.00764858361972784,0.06951619767784956,0.08644841534191386,0.11002592022038704
10,6,hea,16,0,8,ry,0.010112934078466335,0.010112934078466335,0.08835335867740696,0.11990455385448531,0.11446009783725655
10,6,hea,17,0,8,rz,0.008934301753215874,0.008934301753215874,0.08681127257377157,0.11539057946640556,0.10291637811925253
10,6,hea,18,0,9,ry,0.0011781402149296577,0.0011781402149296577,0.09091340456763275,0.11337533667314593,0.012958927459956655
10,6,hea,19,0,9,rz,-0.028123346057673835,0.028123346057673835,0.07692239531925586,0.1033122530114933,0.36560673833610324
10,6,hea,20,1,0,ry,0.03316734214240327,0.03316734214240327,0.09651231519051391,0.1149230329551877,0.3436591700958689
10,6,hea,21,1,0,rz,0.004684473410453488,0.004684473410453488,0.06741990263044383,0.08169947425563959,0.06948205541219692
10,6,hea,22,1,1,ry,0.029122865292153872,0.029122865292153872,0.09430603922287477,0.11208084591511627,0.3088123044095521
10,6,hea,23,1,1,rz,0.004900308386841055,0.004900308386841055,0.07995218154154876,0.10373428458089722,0.061290490044908275
10,6,hea,24,1,2,ry,-0.013499421016023047,0.013499421016023047,0.055495663838803784,0.0711287315188179,0.2432518161280866
10,6,hea,25,1,2,rz,0.011606895105768586,0.011606895105768586,0.09225778960575141,0.11460697735697127,0.12580937778120016
10,6,hea,26,1,3,ry,0.004788070833377129,0.004788070833377129,0.10394800836914347,0.13214225191620463,0.046062170006889724
10,6,hea,27,1,3,rz,-0.013931496786771452,0.013931496786771452,0.10180075285476954,0.12635707406884425,0.1368506263077071
10,6,hea,28,1,4,ry,0.0006930917748948218,0.0006930917748948218,0.08894116076857232,0.1103871215911429,0.007792699903009591
10,6,hea,29,1,4,rz,0.008094114481734938,0.008094114481734938,0.07724906917983136,0.1038469906468751,0.10477944352820878
10,6,hea,30,1,5,ry,0.03723941852129404,0.03723941852129404,0.09232013608527015,0.10679023317612027,0.4033726562848433
10,6,hea,31,1,5,rz,-0.029960185635423246,0.029960185635423246,0.11027919189887132,0.12804945150106928,0.27167578143750987
10,6,hea,32,1,6,ry,-0.001034106590723081,0.001034106590723081,0.09986316012172221,0.1253933045407653,0.010355235999567895
10,6,hea,33,1,6,rz,0.016382033926336435,0.016382033926336435,0.08652269717281029,0.10765405345217854,0.18933799409438998
10,6,hea,34,1,7,ry,-0.04656196579446729,0.04656196579446729,0.10748209145906225,0.13750579026375392,0.4332067339069352
10,6,hea,35,1,7,rz,0.018680976644853353,0.018680976644853353,0.08578731030444478,0.10513898410627819,0.21775920679360947
10,6,hea,36,1,8,ry,0.01209896748564739,0.01209896748564739,0.07053288223950539,0.08997138406137516,0.1715365529025638
10,6,hea,37,1,8,rz,-0.029842728778527488,0.029842728778527488,0.0934363610034303,0.12404118111831126,0.3193909572038188
10,6,hea,38,1,9,ry,-0.012766419654819084,0.012766419654819084,0.07029074355367818,0.09333742465989409,0.1816230560296991
10,6,hea,39,1,9,rz,0.018856323820893504,0.018856323820893504,0.09569239009368001,0.1296432282654315,0.19705144580915498
10,6,hea,40,2,0,ry,0.020654159230183718,0.020654159230183718,0.08797575557021026,0.1082786046391239,0.23477103545533234
10,6,hea,41,2,0,rz,-0.010931052536205965,0.010931052536205965,0.0865711939392456,0.10312526708935588,0.1262666256385131
10,6,hea,42,2,1,ry,-0.028695012951662404,0.028695012951662404,0.09026536772864906,0.10567558238888297,0.3178961508019721
10,6,hea,43,2,1,rz,-0.033279930902502,0.033279930902502,0.08640193438243329,0.09752079267298215,0.38517576186659874
10,6,hea,44,2,2,ry,-0.03128668918568034,0.03128668918568034,0.10361319376090881,0.12290069087050814,0.3019566143079732
10,6,hea,45,2,2,rz,-0.019297159799281968,0.019297159799281968,0.07274070015566658,0.09976204690850692,0.2652869680658199
10,6,hea,46,2,3,ry,0.01498863346006791,0.01498863346006791,0.10008542837712106,0.13048254040700638,0.14975839843129526
10,6,hea,47,2,3,rz,-0.02977043593463161,0.02977043593463161,0.09575471595442249,0.1099584367217322,0.3109030781189042
10,6,hea,48,2,4,ry,0.01284540737924907,0.01284540737924907,0.1110279376144972,0.1507695474174711,0.11569527143564357
10,6,hea,49,2,4,rz,0.0264895453097782,0.0264895453097782,0.08668095815793933,0.10616729186713993,0.3055982060271175
10,6,hea,50,2,5,ry,0.017053804229702582,0.017053804229702582,0.12363965283451823,0.14879859742444523,0.13793151176611274
10,6,hea,51,2,5,rz,0.009432293475005024,0.009432293475005024,0.09568028957031559,0.11885985540000575,0.09858136422207543
10,6,hea,52,2,6,ry,0.01622448404628839,0.01622448404628839,0.09214291819950955,0.10884696234505768,0.17607955514452736
10,6,hea,53,2,6,rz,-0.010963427117225614,0.010963427117225614,0.0826040593571483,0.10083818720558572,0.13272261923380574
10,6,hea,54,2,7,ry,0.012705577323480268,0.012705577323480268,0.10503990689363966,0.14474645184651752,0.12095952575762889
10,6,hea,55,2,7,rz,-0.016041096116942887,0.016041096116942887,0.07453462394356819,0.09660630758610217,0.21521670424053846
10,6,hea,56,2,8,ry,-0.009993901856423756,0.009993901856423756,0.1011716296533005,0.12032476805288114,0.09878166330493253
10,6,hea,57,2,8,rz,-0.024827774924983892,0.024827774924983892,0.10359481108710084,0.1409078857063947,0.2396623408493777
10,6,hea,58,2,9,ry,0.013248506078566447,0.013248506078566447,0.09230164405628725,0.1297649956915085,0.14353488731454359
10,6,hea,59,2,9,rz,-0.01187259305562623,0.01187259305562623,0.079234708299258,0.10340280566876073,0.14984081232160304
10,6,hea,60,3,0,ry,-0.00916794065311539,0.00916794065311539,0.05967666799655304,0.07266112175561498,0.15362688569751887
10,6,hea,61,3,0,rz,-0.01412316668161766,0.01412316668161766,0.04896206432227979,0.057157348707862106,0.2884512096682725
10,6,hea,62,3,1,ry,-0.004660165459698666,0.004660165459698666,0.06660739799019177,0.08520941559643667,0.06996468260755098
10,6,hea,63,3,1,rz,-0.011778186723522897,0.011778186723522897,0.08697730303615825,0.10561131217562122,0.13541678475160732
10,6,hea,64,3,2,ry,0.013430688784827494,0.013430688784827494,0.0806819637254848,0.0991896084713459,0.16646457479052423
10,6,hea,65,3,2,rz,0.0024551881617476032,0.0024551881617476032,0.1147873944321196,0.13339289578887398,0.021389005072325044
10,6,hea,66,3,3,ry,0.04799365330785391,0.04799365330785391,0.08136653398026931,0.09705717173204208,0.589845123788748
10,6,hea,67,3,3,rz,0.018979725651829697,0.018979725651829697,0.07479693677097622,0.0961640134910579,0.25375003938923646
10,6,hea,68,3,4,ry,-0.007844919857858542,0.007844919857858542,0.0840649251828957,0.10291232011403267,0.0933197744575477
10,6,hea,69,3,4,rz,-0.023780424192598563,0.023780424192598563,0.10095260156263806,0.1230802534192303,0.2355602909137838
10,6,hea,70,3,5,ry,-0.014810986189284104,0.014810986189284104,0.08998878255043863,0.1024940328829255,0.16458702706620568
10,6,hea,71,3,5,rz,0.0032770120935680085,0.0032770120935680085,0.07490804865320945,0.08769006664784769,0.043747129347061965
10,6,hea,72,3,6,ry,0.02957715686783203,0.02957715686783203,0.0846716593488414,0.10265846888927826,0.349315899738965
10,6,hea,73,3,6,rz,0.04147469845948526,0.04147469845948526,0.09027622689489401,0.10124498216227638,0.4594199368541686
10,6,hea,74,3,7,ry,-0.016851391575823806,0.016851391575823806,0.07159478181137721,0.09108810212230825,0.23537178477923226
10,6,hea,75,3,7,rz,0.0027611775540048946,0.0027611775540048946,0.08086409281522412,0.11625011459855447,0.03414590404562133
10,6,hea,76,3,8,ry,-0.04757465484590504,0.04757465484590504,0.08113886249473307,0.10378339145082563,0.5863362312848871
10,6,hea,77,3,8,rz,0.011117504520046251,0.011117504520046251,0.08750731713196881,0.11068221022167388,0.12704657032599845
10,6,hea,78,3,9,ry,0.013181191794766432,0.013181191794766432,0.06046497247033395,0.08396559743618728,0.2179971520078559
10,6,hea,79,3,9,rz,0.018240222695170435,0.018240222695170435,0.05351557155531494,0.06174904006909236,0.3408395381952817
10,6,hea,80,4,0,ry,-0.033675228977768965,0.033675228977768965,0.06709592762959328,0.07419917475286494,0.5018967643412637
10,6,hea,81,4,0,rz,-0.0271833801641252,0.0271833801641252,0.04652106602120912,0.05196403738867415,0.5843241027996138
10,6,hea,82,4,1,ry,-0.024708788940954695,0.024708788940954695,0.08710420656552213,0.10507571762625352,0.2836692958378284
10,6,hea,83,4,1,rz,0.002070673166935122,0.002070673166935122,0.07394025475203264,0.08992479385197923,0.02800467991190104
10,6,hea,84,4,2,ry,-0.022631633396176343,0.022631633396176343,0.10466199219068566,0.12551508004884204,0.2162354539835543
10,6,hea,85,4,2,rz,-0.0066866738230052965,0.0066866738230052965,0.08665102657357479,0.11298682069306899,0.0771678546396402
10,6,hea,86,4,3,ry,-0.02143503202362045,0.02143503202362045,0.10752453076117313,0.13659625525883895,0.199350156395757
10,6,hea,87,4,3,rz,-0.023250999810460353,0.023250999810460353,0.07845059966335724,0.0948617116568258,0.2963775918888247
10,6,hea,88,4,4,ry,-0.013481605344721596,0.013481605344721596,0.06963385179150751,0.08254264949312262,0.19360706032874672
10,6,hea,89,4,4,rz,0.02321322430181099,0.02321322430181099,0.09947326503898159,0.12989942577808614,0.23336143930445993
10,6,hea,90,4,5,ry,-0.021872331352915907,0.021872331352915907,0.0711548750778745,0.08376044589743212,0.30739048208541886
10,6,hea,91,4,5,rz,-0.018565434566626023,0.018565434566626023,0.06169190916328428,0.07584450492023297,0.30093791582113777
10,6,hea,92,4,6,ry,0.0020595871438133344,0.0020595871438133344,0.07996542903577115,0.0963078867556229,0.025755969406379198
10,6,hea,93,4,6,rz,-0.009080096119728147,0.009080096119728147,0.058725228836580795,0.07558166527856704,0.15462002106447084
10,6,hea,94,4,7,ry,0.019038161262990204,0.019038161262990204,0.07794276319992131,0.09149706504937659,0.24425822849207351
10,6,hea,95,4,7,rz,-0.014130349477972069,0.014130349477972069,0.05498785864867128,0.06488439324000089,0.25697217213446183
10,6,hea,96,4,8,ry,0.00983536202212596,0.00983536202212596,0.07570642630611825,0.09790875031236021,0.12991449341904784
10,6,hea,97,4,8,rz,0.0022970941539394497,0.0022970941539394497,0.058462642244449414,0.07450251220306003,0.03929165815555492
10,6,hea,98,4,9,ry,0.0008668712629574541,0.0008668712629574541,0.06345400104718947,0.07827344825379112,0.013661412182862442
10,6,hea,99,4,9,rz,-0.008283534470860656,0.008283534470860656,0.061626147465016,0.07773188782526014,0.13441590642288534
10,6,hea,100,5,0,ry,0.00033298394433300125,0.00033298394433300125,0.039621436483332356,0.04934355291296319,0.008404136091155352
10,6,hea,101,5,0,rz,-0.003695588992585902,0.003695588992585902,0.039240194359369145,0.04782795433264352,0.09417866177575225
10,6,hea,102,5,1,ry,0.025133820085962606,0.025133820085962606,0.058297873592853794,0.07958401208602353,0.4311275615555745
10,6,hea,103,5,1,rz,-0.031900302644487205,0.031900302644487205,0.09365407700832361,0.12343113044348017,0.34061840833316515
10,6,hea,104,5,2,ry,-0.001200745909996979,0.001200745909996979,0.05254770666977372,0.06428932495159323,0.022850586373689346
10,6,hea,105,5,2,rz,0.0070502455130257305,0.0070502455130257305,0.07620834983373158,0.09752435887520344,0.09251276964279623
10,6,hea,106,5,3,ry,0.006433261181890049,0.006433261181890049,0.04758091894848494,0.05795089913300611,0.13520674514199899
10,6,hea,107,5,3,rz,0.020041876720276755,0.020041876720276755,0.05427140333698366,0.07108932203209581,0.36928981909370856
10,6,hea,108,5,4,ry,0.0019153649372132934,0.0019153649372132934,0.05872142399275111,0.072317543392595,0.03261782169059292
10,6,hea,109,5,4,rz,-0.002606549544519519,0.002606549544519519,0.050258903699583926,0.06434521527948958,0.05186244332148148
10,6,hea,110,5,5,ry,0.007760754742573729,0.007760754742573729,0.07076798705050603,0.08951062175496456,0.10966476603375601
10,6,hea,111,5,5,rz,0.008993041372934314,0.008993041372934314,0.04213453797337714,0.05734906517475773,0.21343633526055003
10,6,hea,112,5,6,ry,-0.01595245627225798,0.01595245627225798,0.05752163866366534,0.06888165970563989,0.27732965615832467
10,6,hea,113,5,6,rz,-0.024697521560462562,0.024697521560462562,0.06574823677611047,0.08351491973348299,0.37563777785499486
10,6,hea,114,5,7,ry,0.010955267572762575,0.010955267572762575,0.05035450716733251,0.0677163378525054,0.21756280001623346
10,6,hea,115,5,7,rz,0.008116156013058444,0.008116156013058444,0.05830674044277282,0.07179467897453895,0.13919756020359583
10,6,hea,116,5,8,ry,0.02029337769562463,0.02029337769562463,0.06152395472928904,0.069085974161588,0.32984514381295865
10,6,hea,117,5,8,rz,0.023991544226624847,0.023991544226624847,0.0494655471698265,0.056296277371329875,0.4850152398851654
10,6,hea,118,5,9,ry,0.019098648128693812,0.019098648128693812,0.055793815101527214,0.07336319056324184,0.34230762126482894
10,6,hea,119,5,9,rz,0.0005320985979407456,0.0005320985979407456,0.04619129967482605,0.054137225832933046,0.011519454998810616
10,6,hva,0,0,-1,beta_x,1.9423114010638325,1.9423114010638325,5.588413816945367,6.442248335878709,0.3475604106435879
10,6,hva,1,0,-1,gamma_zz,0.6758469841277452,0.6758469841277452,6.07006311118335,8.005730927029505,0.11134101437637109
10,6,hva,2,1,-1,beta_x,1.481294016230719,1.481294016230719,4.607892146222607,5.95030013776747,0.3214688992764367
10,6,hva,3,1,-1,gamma_zz,-1.402513414764684,1.402513414764684,5.625582670172902,7.490392277447716,0.2493098932135287
10,6,hva,4,2,-1,beta_x,1.7881548562529332,1.7881548562529332,6.574153409798545,8.15220427355185,0.27199773792740384
10,6,hva,5,2,-1,gamma_zz,-0.3039129777527893,0.3039129777527893,5.146136094426993,6.497979856176472,0.05905653721088173
10,6,hva,6,3,-1,beta_x,0.9889690467384152,0.9889690467384152,5.806206653373632,6.901564475691265,0.1703296327153264
10,6,hva,7,3,-1,gamma_zz,-1.3422855996483851,1.3422855996483851,5.298051419266868,5.956923927349934,0.25335458141592127
10,6,hva,8,4,-1,beta_x,-0.008767725859689124,0.008767725859689124,7.220289508096572,8.8216058908294,0.0012143177707566036
10,6,hva,9,4,-1,gamma_zz,-0.7519782659247871,0.7519782659247871,5.560578262690425,7.3122714365101364,0.1352338246851597
10,6,hva,10,5,-1,beta_x,-0.3165524172339903,0.3165524172339903,6.487795994743679,8.017773222812743,0.04879198074206658
10,6,hva,11,5,-1,gamma_zz,-0.19922158696110426,0.19922158696110426,3.953545849839529,5.04524278476266,0.05039060998095936
10,8,hea,0,0,0,ry,0.006860842547164996,0.006860842547164996,0.08411967473790798,0.10234169540572233,0.08156049780911863
10,8,hea,1,0,0,rz,-0.030189106916846054,0.030189106916846054,0.07457182129577496,0.09881354318139395,0.4048326350660834
10,8,hea,2,0,1,ry,-0.002392243127428566,0.002392243127428566,0.09219852535339061,0.10205187213152675,0.025946652815316044
10,8,hea,3,0,1,rz,0.032410726133121445,0.032410726133121445,0.0521267230417493,0.06816726719332078,0.6217679578123959
10,8,hea,4,0,2,ry,0.014205323935626284,0.014205323935626284,0.08245388708499485,0.10065723008349337,0.17228204076034676
10,8,hea,5,0,2,rz,-0.005927678097219465,0.005927678097219465,0.05502968200255428,0.08707606382373831,0.1077178330222627
10,8,hea,6,0,3,ry,0.001958673721927343,0.001958673721927343,0.0849502297725471,0.1098421105965786,0.02305672070777958
10,8,hea,7,0,3,rz,-0.008126995644003661,0.008126995644003661,0.04647831319073608,0.06256767998665541,0.17485564957256958
10,8,hea,8,0,4,ry,-0.0076910988800436165,0.0076910988800436165,0.08725234775236876,0.12232955571572188,0.0881477585207411
10,8,hea,9,0,4,rz,0.014988534036197428,0.014988534036197428,0.05819930290658051,0.08347590314135209,0.2575380337502709
10,8,hea,10,0,5,ry,-0.00440451007461588,0.00440451007461588,0.07441096329051493,0.10319233374610151,0.05919168197594424
10,8,hea,11,0,5,rz,-0.003685102183814593,0.003685102183814593,0.043300005111712815,0.05603213973912719,0.08510627595324864
10,8,hea,12,0,6,ry,-0.010099068700862138,0.010099068700862138,0.09503871959075955,0.11502269946177453,0.10626267635284879
10,8,hea,13,0,6,rz,-0.012217288055915737,0.012217288055915737,0.0555125387961954,0.08021951008331407,0.22008159455234355
10,8,hea,14,0,7,ry,-0.02058878822833807,0.02058878822833807,0.07344514246540661,0.08848579487573616,0.2803287942158369
10,8,hea,15,0,7,rz,-0.006147417787873624,0.006147417787873624,0.04633006233896554,0.06739737126053877,0.13268744908860727
10,8,hea,16,0,8,ry,-0.0037507774451164527,0.0037507774451164527,0.07092588114908228,0.09504995168245481,0.05288305741641014
10,8,hea,17,0,8,rz,0.006003404098113881,0.006003404098113881,0.061123260936349,0.07655309472874418,0.09821799436331541
10,8,hea,18,0,9,ry,-0.0007611617541021253,0.0007611617541021253,0.08648954901934398,0.10889735560755809,0.008800621147092319
10,8,hea,19,0,9,rz,-0.012629677626675448,0.012629677626675448,0.04066709744472886,0.05644038851843082,0.3105625535198396
10,8,hea,20,1,0,ry,0.005548838820387814,0.005548838820387814,0.058768822088415225,0.08367134577004462,0.0944180710656362
10,8,hea,21,1,0,rz,-0.034876659949104376,0.034876659949104376,0.09362043405891654,0.10129065527617516,0.3725325597951797
10,8,hea,22,1,1,ry,-0.03347991020151579,0.03347991020151579,0.08600880610187549,0.10008649660778177,0.38926142239271644
10,8,hea,23,1,1,rz,0.006167977766651386,0.006167977766651386,0.10308960463910871,0.1245386479294978,0.05983122923250987
10,8,hea,24,1,2,ry,-0.0026216738878605318,0.0026216738878605318,0.10748298592351903,0.126136337726733,0.024391524531389507
10,8,hea,25,1,2,rz,-0.020176572822432005,0.020176572822432005,0.08487695461771501,0.10131271416967881,0.2377155602873225
10,8,hea,26,1,3,ry,0.006838231200155289,0.006838231200155289,0.08681227585687293,0.10720102879786944,0.07877032519489958
10,8,hea,27,1,3,rz,-0.01832421101584118,0.01832421101584118,0.07373513231447348,0.09113533687748372,0.24851397753909052
10,8,hea,28,1,4,ry,-0.0010022587806317504,0.0010022587806317504,0.0688662824742504,0.08057450892747423,0.014553693689019553
10,8,hea,29,1,4,rz,-0.04594066496088304,0.04594066496088304,0.08088237473903757,0.08629343197525062,0.5679935228052767
10,8,hea,30,1,5,ry,0.011096232123020801,0.011096232123020801,0.09573710766746386,0.11629444583480786,0.11590314762341337
10,8,hea,31,1,5,rz,0.015001770405470896,0.015001770405470896,0.07977128152636358,0.09176694084412242,0.18805978941823542
10,8,hea,32,1,6,ry,0.010114565556290988,0.010114565556290988,0.08283542898504373,0.10187286731375811,0.1221043420698297
10,8,hea,33,1,6,rz,-0.027191883007258395,0.027191883007258395,0.06554482142603334,0.0746426594915152,0.41485936517416167
10,8,hea,34,1,7,ry,0.006471272972129732,0.006471272972129732,0.09277079113222192,0.11252517995040023,0.06975550055303997
10,8,hea,35,1,7,rz,-0.021185920639739054,0.021185920639739054,0.08688210714531604,0.10716154062764399,0.2438467635724346
10,8,hea,36,1,8,ry,0.011268219809010386,0.011268219809010386,0.08054033574047136,0.09689057867342185,0.13990778291911177
10,8,hea,37,1,8,rz,0.010248272147772576,0.010248272147772576,0.0661408086069068,0.08408023564492176,0.15494627845693193
10,8,hea,38,1,9,ry,-0.0050435656834967365,0.0050435656834967365,0.08967362942362925,0.11188556403626128,0.05624357702385677
10,8,hea,39,1,9,rz,-0.0006424964861382591,0.0006424964861382591,0.08317266836327016,0.10101024581184366,0.007724851189480221
10,8,hea,40,2,0,ry,0.027076036700034452,0.027076036700034452,0.07252046855165657,0.08839039035381172,0.3733571671665045
10,8,hea,41,2,0,rz,0.027722061676025422,0.027722061676025422,0.08339882613011709,0.08912635127964542,0.33240349969403304
10,8,hea,42,2,1,ry,0.019228472737003663,0.019228472737003663,0.07536185318867585,0.08988132535841936,0.2551486186103071
10,8,hea,43,2,1,rz,0.017021957622388888,0.017021957622388888,0.07100641574412765,0.08921625966857154,0.23972421990327533
10,8,hea,44,2,2,ry,-0.03799777049420254,0.03799777049420254,0.08059280806510896,0.09044223797486894,0.4714784284908474
10,8,hea,45,2,2,rz,0.005841419287761786,0.005841419287761786,0.0832810168673668,0.10383453781070179,0.07014106584535044
10,8,hea,46,2,3,ry,-0.018619521091986842,0.018619521091986842,0.08207080728592138,0.10032896041621803,0.2268714261225581
10,8,hea,47,2,3,rz,0.0008932870249485872,0.0008932870249485872,0.07549393460067147,0.0956402124313883,0.011832566810481622
10,8,hea,48,2,4,ry,0.03417725535325319,0.03417725535325319,0.07926135859106216,0.08827684064003603,0.4311969408647851
10,8,hea,49,2,4,rz,-0.003553394762920025,0.003553394762920025,0.06495136831887137,0.07661860037137293,0.05470854355946717
10,8,hea,50,2,5,ry,-0.018918135451568965,0.018918135451568965,0.07749545652029992,0.09219968204287474,0.24411928519465034
10,8,hea,51,2,5,rz,0.013802056106620908,0.013802056106620908,0.0819721416393791,0.10274644362925786,0.16837496045107947
10,8,hea,52,2,6,ry,-0.007931484416423603,0.007931484416423603,0.05577570076164797,0.06934391060504293,0.14220322305438865
10,8,hea,53,2,6,rz,0.03703591846778091,0.03703591846778091,0.08487127605488226,0.10653836842153715,0.43637753771760296
10,8,hea,54,2,7,ry,0.022343306766136443,0.022343306766136443,0.10459991522454555,0.11889527434335348,0.21360731237852018
10,8,hea,55,2,7,rz,-0.012827112354151465,0.012827112354151465,0.08249475106244697,0.09662624924558531,0.15549004256575583
10,8,hea,56,2,8,ry,0.01089318260641994,0.01089318260641994,0.06972352353034378,0.0906509353417345,0.1562339660255273
10,8,hea,57,2,8,rz,0.006740915101449472,0.006740915101449472,0.08990884097629691,0.10712460389818762,0.07497499721108113
10,8,hea,58,2,9,ry,0.010489729937067706,0.010489729937067706,0.05883076355866922,0.07879969351714394,0.1783034810793608
10,8,hea,59,2,9,rz,0.01603369712359928,0.01603369712359928,0.07372909472365276,0.09491595888681953,0.2174677063877654
10,8,hea,60,3,0,ry,-0.012363185666594882,0.012363185666594882,0.0623590298532397,0.07494061427579178,0.1982581463453025
10,8,hea,61,3,0,rz,-0.018960564589814276,0.018960564589814276,0.08017658922106098,0.09831860028176218,0.2364850484913548
10,8,hea,62,3,1,ry,0.009319823461313319,0.009319823461313319,0.08091989389472022,0.10195486258376071,0.11517345133248245
10,8,hea,63,3,1,rz,0.04436693171997882,0.04436693171997882,0.0798722560680635,0.08497027459216341,0.5554736263136324
10,8,hea,64,3,2,ry,0.012841949089931,0.012841949089931,0.08562539317814041,0.10320528330208974,0.14997827879416165
10,8,hea,65,3,2,rz,-0.0010620029338122153,0.0010620029338122153,0.08616402253001529,0.1148560678700832,0.012325363912092819
10,8,hea,66,3,3,ry,0.010497487807493742,0.010497487807493742,0.06091093224216492,0.07267715813992934,0.172341604718156
10,8,hea,67,3,3,rz,0.02240913788135252,0.02240913788135252,0.07702767467266848,0.09251170422405312,0.2909232035963771
10,8,hea,68,3,4,ry,-0.003908272639305343,0.003908272639305343,0.0909656422923497,0.1060825929964566,0.04296427245294117
10,8,hea,69,3,4,rz,0.015959752498714494,0.015959752498714494,0.06525134166827719,0.0848360031145007,0.24458887879807836
10,8,hea,70,3,5,ry,-0.01573255479747918,0.01573255479747918,0.06875983375762,0.08383141162359459,0.22880443331111835
10,8,hea,71,3,5,rz,-0.018625398627647283,0.018625398627647283,0.07522416067893894,0.09502623246159358,0.24759862336173227
10,8,hea,72,3,6,ry,-0.025203293994025863,0.025203293994025863,0.0693126736249411,0.08794241509302704,0.3636173974532196
10,8,hea,73,3,6,rz,0.0006137152497670075,0.0006137152497670075,0.06941452202387463,0.08424528028233128,0.008841309165190471
10,8,hea,74,3,7,ry,-0.0001815908194652637,0.0001815908194652637,0.06727334684596735,0.08811515509391887,0.0026992981318595764
10,8,hea,75,3,7,rz,0.012754043757387671,0.012754043757387671,0.10059085680239069,0.12124224067113898,0.1267912826554672
10,8,hea,76,3,8,ry,0.00041998112511607797,0.00041998112511607797,0.0791451190282946,0.09060792299473536,0.0053064690567453466
10,8,hea,77,3,8,rz,-0.008369485334622919,0.008369485334622919,0.05803490420206701,0.07159641193670672,0.1442146833822926
10,8,hea,78,3,9,ry,-0.01121231009356909,0.01121231009356909,0.08040602408045835,0.09587073367471254,0.13944614500959956
10,8,hea,79,3,9,rz,0.018597611147886346,0.018597611147886346,0.06702122735611761,0.09332486569955689,0.27748837020049744
10,8,hea,80,4,0,ry,-0.027030744784509786,0.027030744784509786,0.09946622816662723,0.10901125363508105,0.27175801558723256
10,8,hea,81,4,0,rz,0.005086186505597012,0.005086186505597012,0.095079626253421,0.11358824766347349,0.053493968224490734
10,8,hea,82,4,1,ry,-0.014587208139854485,0.014587208139854485,0.07480742214812713,0.09787122320622392,0.19499680273663184
10,8,hea,83,4,1,rz,-0.02017376031980551,0.02017376031980551,0.07609673063002623,0.08714669395416426,0.26510679437580315
10,8,hea,84,4,2,ry,0.01440686722099926,0.01440686722099926,0.06585152527717315,0.07818727911714937,0.21877803377157393
10,8,hea,85,4,2,rz,-0.009815898363997788,0.009815898363997788,0.07567883795077177,0.0949892090646729,0.12970466552859586
10,8,hea,86,4,3,ry,0.009523126363933652,0.009523126363933652,0.07687554256058392,0.0953523012891121,0.12387719223481984
10,8,hea,87,4,3,rz,-0.0029988674221977595,0.0029988674221977595,0.0826088683636189,0.10272768678432564,0.03630200342410731
10,8,hea,88,4,4,ry,-0.013283992245073326,0.013283992245073326,0.0857358249660165,0.10768445013983036,0.15494097421163916
10,8,hea,89,4,4,rz,-0.022751165432891227,0.022751165432891227,0.067580863048997,0.08107356472423523,0.33665100453653574
10,8,hea,90,4,5,ry,0.0006516079920641891,0.0006516079920641891,0.08463155999952207,0.0974615147345867,0.007699349888715995
10,8,hea,91,4,5,rz,0.0031778881138765365,0.0031778881138765365,0.0687986884534408,0.08483611872682278,0.04619111476270528
10,8,hea,92,4,6,ry,0.021290258478964753,0.021290258478964753,0.08228693686784413,0.09561078168763643,0.2587319359469831
10,8,hea,93,4,6,rz,-0.0009240921510455887,0.0009240921510455887,0.06913691116430355,0.09296223012714881,0.013366118553510073
10,8,hea,94,4,7,ry,-0.0021332809884651574,0.0021332809884651574,0.08025795444106541,0.098113640625061,0.026580306006074826
10,8,hea,95,4,7,rz,0.026937427009631983,0.026937427009631983,0.06436869855435662,0.07605166060666979,0.41848643229727656
10,8,hea,96,4,8,ry,-0.02211555542033821,0.02211555542033821,0.0831676801844708,0.10109251672758778,0.2659152614487304
10,8,hea,97,4,8,rz,-0.012886309038133892,0.012886309038133892,0.07589760571570703,0.08973778456802729,0.16978544865305148
10,8,hea,98,4,9,ry,0.016233750090843543,0.016233750090843543,0.061012585210439986,0.07423933227595189,0.2660721560125842
10,8,hea,99,4,9,rz,-0.018289249508534403,0.018289249508534403,0.07170274427719765,0.08364115529931629,0.25507042572637423
10,8,hea,100,5,0,ry,0.008567783193649469,0.008567783193649469,0.07780183654472662,0.09359155823759237,0.1101231484262447
10,8,hea,101,5,0,rz,0.008647655062650599,0.008647655062650599,0.0780813631583839,0.09918427704367663,0.11075184541936312
10,8,hea,102,5,1,ry,-0.00665477112564301,0.00665477112564301,0.09273112202337634,0.11611235289907924,0.07176416051522977
10,8,hea,103,5,1,rz,-0.0191717732208728,0.0191717732208728,0.0599126475205128,0.07336108321400421,0.3199954269139663
10,8,hea,104,5,2,ry,0.0026066459852021186,0.0026066459852021186,0.08193915590481081,0.10439711213368895,0.03181197019200738
10,8,hea,105,5,2,rz,0.0076595089270385065,0.0076595089270385065,0.06034868202659718,0.07101762818444103,0.12692089818403396
10,8,hea,106,5,3,ry,-0.008396028955817111,0.008396028955817111,0.08599139038480925,0.10005478300644004,0.09763801839050398
10,8,hea,107,5,3,rz,-0.016200670235413005,0.016200670235413005,0.060098357791119855,0.07577308122743061,0.269569266629887
10,8,hea,108,5,4,ry,-0.0016105580557664585,0.0016105580557664585,0.07552794547646403,0.08907200226652968,0.021324001938703843
10,8,hea,109,5,4,rz,0.001226753120202017,0.001226753120202017,0.06744742658494429,0.07974065942442035,0.018188286526499387
10,8,hea,110,5,5,ry,0.06065324986243256,0.06065324986243256,0.08286368950203184,0.08369662281503135,0.7319641477096503
10,8,hea,111,5,5,rz,0.02386495940507782,0.02386495940507782,0.05492813072208092,0.0661955389163163,0.43447608887013794
10,8,hea,112,5,6,ry,-0.013104261872963801,0.013104261872963801,0.08112914613950828,0.09367114304274682,0.16152347826303726
10,8,hea,113,5,6,rz,0.017345053805971247,0.017345053805971247,0.06015299730379855,0.06876889546653286,0.2883489532262368
10,8,hea,114,5,7,ry,-0.010756049063105544,0.010756049063105544,0.06518558013521736,0.08068715473777426,0.16500657109737502
10,8,hea,115,5,7,rz,-0.01895770085432751,0.01895770085432751,0.05635829092015056,0.06948171591860144,0.3363782070891182
10,8,hea,116,5,8,ry,0.01063750945004609,0.01063750945004609,0.07102325893474261,0.08632938868332539,0.14977501187068687
10,8,hea,117,5,8,rz,0.012350636026526434,0.012350636026526434,0.04424019933732385,0.059094834740696954,0.2791722508380827
10,8,hea,118,5,9,ry,0.014706059560830513,0.014706059560830513,0.0501424906074793,0.06390456380601407,0.2932853829689236
10,8,hea,119,5,9,rz,0.0016817275083423234,0.0016817275083423234,0.056018708017155104,0.07402806985486635,0.030020819256082864
10,8,hea,120,6,0,ry,-0.012965997339432765,0.012965997339432765,0.08271824324064071,0.09879892791330495,0.1567489447486503
10,8,hea,121,6,0,rz,-0.002846676384471322,0.002846676384471322,0.048908330245524136,0.05997210817909619,0.05820432572898517
10,8,hea,122,6,1,ry,0.030757111974880454,0.030757111974880454,0.0623097213716515,0.07098813640690056,0.49361658659050356
10,8,hea,123,6,1,rz,-0.002358832070232087,0.002358832070232087,0.06302298485408635,0.07290571433509131,0.037428123655097005
10,8,hea,124,6,2,ry,-0.0017315532286695176,0.0017315532286695176,0.08652117046033408,0.10963021396071372,0.02001305830072345
10,8,hea,125,6,2,rz,0.012429117994585867,0.012429117994585867,0.07279685785824559,0.10018418693729038,0.17073701201209013
10,8,hea,126,6,3,ry,0.03844711837027122,0.03844711837027122,0.07688397570680833,0.09148403116422224,0.5000667306395044
10,8,hea,127,6,3,rz,-0.02252849567035762,0.02252849567035762,0.05190682134690003,0.06102561942046483,0.43401801701160475
10,8,hea,128,6,4,ry,-0.01889571026068849,0.01889571026068849,0.08872845159521464,0.11052648196342843,0.2129611181190428
10,8,hea,129,6,4,rz,-0.015038829186875857,0.015038829186875857,0.0526898539438173,0.05909050918354856,0.28542172849655906
10,8,hea,130,6,5,ry,0.006540270794932868,0.006540270794932868,0.04458202605212029,0.05507004122862769,0.1467019643137477
10,8,hea,131,6,5,rz,-0.005405699680414853,0.005405699680414853,0.046016608340845026,0.0584740184952225,0.11747279678621068
10,8,hea,132,6,6,ry,0.0016142050744725217,0.0016142050744725217,0.0619377708408424,0.07716861320466108,0.02606172376820627
10,8,hea,133,6,6,rz,-0.010203239875450769,0.010203239875450769,0.059343660878400824,0.07278143361319382,0.17193479007568688
10,8,hea,134,6,7,ry,-0.006514991012641103,0.006514991012641103,0.060668606157952686,0.08520097728541158,0.10738652863853515
10,8,hea,135,6,7,rz,0.010147076528595386,0.010147076528595386,0.0555240418570867,0.06733553730984046,0.1827510424171345
10,8,hea,136,6,8,ry,-0.003623674819149526,0.003623674819149526,0.04995492310632428,0.06432076371252703,0.07253889294227933
10,8,hea,137,6,8,rz,0.0018490034732357057,0.0018490034732357057,0.05069464375462978,0.06225584625182007,0.03647334977212076
10,8,hea,138,6,9,ry,-0.004273024750636772,0.004273024750636772,0.045677801007365834,0.055212228537347544,0.0935470766192888
10,8,hea,139,6,9,rz,0.0035106250151664296,0.0035106250151664296,0.045896697170576685,0.05552188784801521,0.0764897090986524
10,8,hea,140,7,0,ry,-0.0023967457715370296,0.0023967457715370296,0.03454452647446372,0.044446965877946366,0.0693813468049331
10,8,hea,141,7,0,rz,-0.0013976174417721153,0.0013976174417721153,0.036618644343928725,0.0450957261791594,0.03816682640256721
10,8,hea,142,7,1,ry,-0.004107149693400667,0.004107149693400667,0.022918459471806263,0.027617956953238806,0.17920705789379102
10,8,hea,143,7,1,rz,0.016301982586821192,0.016301982586821192,0.045549277251510506,0.05675701696808124,0.3578977224337896
10,8,hea,144,7,2,ry,0.004896185994789781,0.004896185994789781,0.04068026545391814,0.0571160505457583,0.12035776905969237
10,8,hea,145,7,2,rz,0.0023498210099427035,0.0023498210099427035,0.04239132169745042,0.0535883470570957,0.055431652419650215
10,8,hea,146,7,3,ry,0.001905931718187264,0.001905931718187264,0.037459551335055394,0.048657817669229574,0.050879726271670644
10,8,hea,147,7,3,rz,0.004573372966815625,0.004573372966815625,0.03424923108351537,0.042796718037466736,0.1335321355292183
10,8,hea,148,7,4,ry,0.012460928610448807,0.012460928610448807,0.03866045695834598,0.04256487163658274,0.3223171579134279
10,8,hea,149,7,4,rz,0.001957740193085621,0.001957740193085621,0.03279993411906726,0.03913531676875956,0.05968732089457118
10,8,hea,150,7,5,ry,0.007899918041921049,0.007899918041921049,0.054819497954527216,0.06503930796126967,0.14410781449465093
10,8,hea,151,7,5,rz,-0.013319009731088934,0.013319009731088934,0.03651392919291341,0.04281338487087308,0.36476517387982205
10,8,hea,152,7,6,ry,-0.010756898039904659,0.010756898039904659,0.03919077827193074,0.04818640287483871,0.2744752340784388
10,8,hea,153,7,6,rz,-0.004122075162403247,0.004122075162403247,0.033388934430273236,0.03925099495550702,0.1234563256581708
10,8,hea,154,7,7,ry,-0.015331683850726844,0.015331683850726844,0.04478102560465434,0.05143514814719861,0.34237009187956147
10,8,hea,155,7,7,rz,0.0038065453118652838,0.0038065453118652838,0.03827170345482636,0.047262741360253935,0.09946108921851894
10,8,hea,156,7,8,ry,-0.0036495341524834294,0.0036495341524834294,0.04373716075099099,0.05368228312874506,0.08344241120865752
10,8,hea,157,7,8,rz,-0.003988892152474499,0.003988892152474499,0.03384111575889244,0.041495811638393484,0.1178711772062722
10,8,hea,158,7,9,ry,-9.520993385162407e-05,9.520993385162407e-05,0.04438198724450928,0.0565159956867171,0.002145238186994451
10,8,hea,159,7,9,rz,-0.006142398553555759,0.006142398553555759,0.040234919995978835,0.04697538030224691,0.1526633718712375
10,8,hva,0,0,-1,beta_x,-0.13209388134455255,0.13209388134455255,7.772227009616623,9.761060012183911,0.01699562830333082
10,8,hva,1,0,-1,gamma_zz,-0.9229785956482253,0.9229785956482253,5.0110213261039345,6.718736991483964,0.18418971614432147
10,8,hva,2,1,-1,beta_x,-1.1028237705777246,1.1028237705777246,7.049972242029466,8.585993157864737,0.1564295195381161
10,8,hva,3,1,-1,gamma_zz,-1.1593522084359562,1.1593522084359562,6.713978152596741,7.840764820302362,0.17267738769563284
10,8,hva,4,2,-1,beta_x,0.28586224446324393,0.28586224446324393,6.333909813977753,8.36939149471929,0.04513203579760473
10,8,hva,5,2,-1,gamma_zz,-1.2272910070452079,1.2272910070452079,6.235544209253716,7.523484097827189,0.19682179547759035
10,8,hva,6,3,-1,beta_x,-0.006402672296559153,0.006402672296559153,6.279573944403213,8.141083271962685,0.001019602978362195
10,8,hva,7,3,-1,gamma_zz,-0.19758605439447935,0.19758605439447935,5.6688028782808635,7.796428401595231,0.03485498766441492
10,8,hva,8,4,-1,beta_x,-0.9503829055467853,0.9503829055467853,6.89537640778351,7.913506472705006,0.13782901024431266
10,8,hva,9,4,-1,gamma_zz,-0.6578018194338303,0.6578018194338303,5.322872763487696,6.38940622847592,0.12358022606627553
10,8,hva,10,5,-1,beta_x,0.37331977524340804,0.37331977524340804,6.411125644185479,8.071029078736936,0.058229988922770134
10,8,hva,11,5,-1,gamma_zz,1.8021847093963037,1.8021847093963037,6.337336397284344,7.671918013084088,0.28437573712649533
10,8,hva,12,6,-1,beta_x,-1.9343043480795714,1.9343043480795714,5.914189488711168,6.8023289789494195,0.3270616120385921
10,8,hva,13,6,-1,gamma_zz,1.1527478262269668,1.1527478262269668,5.402515194870281,7.063748623155421,0.21337243573539733
10,8,hva,14,7,-1,beta_x,-0.7649386132313473,0.7649386132313473,7.211892615875955,8.482987769795256,0.10606627884994345
10,8,hva,15,7,-1,gamma_zz,2.216166853237593,2.216166853237593,4.481593580070535,5.257180683765514,0.4945042011602294
